,Dataset,Delta,MSE,BCE,AccAim,F1Aim,F.5Aim,F2Aim,GAim,BAim
Acc,D,0.656,0.644,0.66,0.664,0.664,0.66,0.668,0.668,0.664
F1,S,0.5507,0.5189,0.5423,0.6152,0.6669,0.6045,0.6824,0.6357,0.6673
F.5,1,0.5342,0.518,0.5362,0.5609,0.5743,0.5514,0.583,0.5702,0.5753
F2,C,0.5718,0.5257,0.5548,0.685,0.7981,0.6739,0.8266,0.723,0.7981
Gmean,S,0.6337,0.606,0.626,0.6725,0.6848,0.6644,0.6861,0.6825,0.6842
B_Acc,V,0.6413,0.6198,0.6396,0.6816,0.7205,0.676,0.7333,0.6969,0.7205
,Dataset,Delta,MSE,BCE,AccAim,F1Aim,F.5Aim,F2Aim,GAim,BAim
Acc,D,0.82,0.808,0.836,0.84,0.816,0.844,0.676,0.808,0.808
F1,S,0.7561,0.7445,0.7732,0.7712,0.7465,0.7751,0.6623,0.7388,0.739
F.5,2,0.7641,0.7458,0.7922,0.8111,0.7723,0.8176,0.5938,0.7599,0.7609
F2,C,0.7549,0.7501,0.7617,0.7375,0.7274,0.739,0.7533,0.7242,0.7242
Gmean,S,0.7991,0.7897,0.8119,0.8083,0.7884,0.811,0.6854,0.782,0.7815
B_Acc,V,0.807,0.7974,0.8201,0.8168,0.7968,0.8199,0.7054,0.7903,0.7901
,Dataset,Delta,MSE,BCE,AccAim,F1Aim,F.5Aim,F2Aim,GAim,BAim
Acc,D,0.7417,0.7385,0.7449,0.7649,0.7061,0.7584,0.2615,0.7094,0.7029
F1,S,0.2283,0.2061,0.2465,0.4033,0.52,0.4244,0.4046,0.546,0.4934
F.5,3,0.35,0.3083,0.3794,0.5062,0.4885,0.5126,0.301,0.5039,0.4716
F2,C,0.1733,0.1582,0.1865,0.3411,0.565,0.3727,0.6177,0.6041,0.5272
Gmean,S,0.3347,0.2994,0.3673,0.5234,0.6603,0.5481,0.04456,0.6851,0.636
B_Acc,V,0.5528,0.5465,0.5583,0.62,0.6746,0.6275,0.4839,0.6931,0.6576
,Dataset,Delta,MSE,BCE,AccAim,F1Aim,F.5Aim,F2Aim,GAim,BAim
Acc,D,0.8129,0.829,0.8452,0.8548,0.829,0.8419,0.7806,0.8226,0.8
F1,S,0.6761,0.7069,0.7646,0.7693,0.7605,0.7161,0.7476,0.766,0.7505
F.5,4,0.7326,0.7542,0.7617,0.7823,0.7372,0.7763,0.6571,0.7202,0.6784
F2,C,0.6333,0.6703,0.7722,0.7621,0.7922,0.6728,0.87,0.8229,0.8424
Gmean,S,0.7412,0.7665,0.8238,0.8234,0.8224,0.7706,0.8166,0.8309,0.824
B_Acc,V,0.7598,0.7821,0.8281,0.83,0.8267,0.7917,0.8329,0.835,0.8314
,Dataset,Delta,MSE,BCE,AccAim,F1Aim,F.5Aim,F2Aim,GAim,BAim
Acc,D,0.675,0.6687,0.675,0.6719,0.5,0.5844,0.4,0.5875,0.5219
F1,S,0.2464,0.2425,0.2817,0.2524,0.54,0.3053,0.5175,0.442,0.4601
F.5,5,0.3785,0.3646,0.4105,0.375,0.4391,0.3355,0.4053,0.4206,0.4021
F2,C,0.1844,0.1835,0.216,0.1923,0.7017,0.2829,0.7161,0.4704,0.5478
Gmean,S,0.3763,0.3741,0.4083,0.3615,0.514,0.4414,0.3241,0.5503,0.5162
B_Acc,V,0.546,0.5412,0.5534,0.5453,0.5934,0.5061,0.5404,0.564,0.551
,Dataset,Delta,MSE,BCE,AccAim,F1Aim,F.5Aim,F2Aim,GAim,BAim
Acc,D,0.8655,0.8687,0.8655,0.8564,0.7795,0.8165,0.7307,0.7583,0.7489
F1,S,0.06667,0.09048,0.115,0.08333,0.3445,0.1694,0.3949,0.4059,0.4021
F.5,6,0.08333,0.1042,0.1375,0.09167,0.3106,0.1604,0.3164,0.3386,0.3288
F2,C,0.05556,0.08041,0.1044,0.07778,0.3958,0.183,0.5288,0.5152,0.5232
Gmean,S,0.09823,0.1186,0.1655,0.1173,0.5679,0.2834,0.7073,0.6932,0.7
B_Acc,V,0.518,0.5305,0.5395,0.5235,0.639,0.552,0.7134,0.7079,0.7132
,Dataset,Delta,MSE,BCE,AccAim,F1Aim,F.5Aim,F2Aim,GAim,BAim
Acc,D,0.6554,0.6557,0.6313,0.6312,0.5274,0.5918,0.4298,0.5761,0.5548
F1,S,0.1345,0.176,0.2002,0.2108,0.4432,0.3211,0.4576,0.4394,0.413
F.5,7,0.178,0.2358,0.2528,0.2567,0.3866,0.3235,0.367,0.4039,0.3742
F2,C,0.1098,0.1433,0.1704,0.1864,0.5225,0.3208,0.6086,0.4862,0.4636
Gmean,S,0.2237,0.2941,0.3346,0.3251,0.5391,0.4482,0.4542,0.5562,0.5335
B_Acc,V,0.5027,0.5113,0.5011,0.5051,0.5473,0.5176,0.5266,0.5628,0.5416
,Dataset,Delta,MSE,BCE,AccAim,F1Aim,F.5Aim,F2Aim,GAim,BAim
Acc,D,0.8866,0.8866,0.8924,0.8926,0.8984,0.8925,0.8743,0.8773,0.8595
F1,S,0.4488,0.4488,0.6044,0.5988,0.7295,0.5691,0.6947,0.6991,0.6724
F.5,8,0.5355,0.5355,0.6329,0.6333,0.6454,0.6243,0.5981,0.6034,0.5732
F2,C,0.3932,0.3932,0.5821,0.5807,0.8412,0.5532,0.8313,0.8337,0.8174
Gmean,S,0.5496,0.5496,0.7296,0.7242,0.9142,0.7012,0.9079,0.9095,0.8983
B_Acc,V,0.6703,0.6703,0.7588,0.7613,0.9158,0.7531,0.9099,0.9117,0.9012
,Dataset,Delta,MSE,BCE,AccAim,F1Aim,F.5Aim,F2Aim,GAim,BAim
Acc,D,0.8363,0.8422,0.8392,0.8602,0.8364,0.8602,0.7203,0.774,0.7741
F1,S,0.5863,0.5956,0.5819,0.6634,0.6418,0.6643,0.5793,0.598,0.6059
F.5,9,0.6734,0.6946,0.6821,0.7312,0.6785,0.7332,0.5127,0.5624,0.5667
F2,C,0.5259,0.5287,0.5156,0.6163,0.6231,0.6165,0.6784,0.648,0.6587
Gmean,S,0.6768,0.6796,0.6686,0.7402,0.7397,0.7401,0.7298,0.7385,0.7451
B_Acc,V,0.7199,0.7238,0.7176,0.7684,0.7613,0.7684,0.7385,0.7455,0.7499
,Dataset,Delta,MSE,BCE,AccAim,F1Aim,F.5Aim,F2Aim,GAim,BAim
Acc,D,0.7107,0.7364,0.7277,0.7596,0.6792,0.7511,0.6275,0.7194,0.708
F1,S,0.5615,0.6085,0.5929,0.6452,0.6263,0.6083,0.6439,0.6558,0.6431
F.5,10,0.5876,0.6277,0.6142,0.6842,0.5844,0.6691,0.5563,0.627,0.6157
F2,C,0.5448,0.5996,0.5803,0.6151,0.6776,0.5632,0.7683,0.6908,0.6766
Gmean,S,0.6399,0.6775,0.6658,0.7103,0.6822,0.6791,0.6373,0.7136,0.7019
B_Acc,V,0.6764,0.7087,0.6973,0.7281,0.687,0.7096,0.6779,0.7192,0.7071
,Dataset,Delta,MSE,BCE,AccAim,F1Aim,F.5Aim,F2Aim,GAim,BAim
Acc,D,0.8803,0.8718,0.889,0.8632,0.869,0.8832,0.849,0.8576,0.8548
F1,S,0.8056,0.784,0.8311,0.7797,0.7915,0.8047,0.7938,0.7793,0.7719
F.5,11,0.8909,0.8887,0.882,0.8558,0.8559,0.9038,0.7908,0.8348,0.8312
F2,C,0.7376,0.7034,0.7884,0.7182,0.7384,0.7275,0.8045,0.7338,0.7258
Gmean,S,0.8269,0.8062,0.8544,0.8098,0.822,0.8233,0.837,0.8143,0.8083
B_Acc,V,0.8407,0.8249,0.8617,0.8238,0.8339,0.84,0.8418,0.825,0.8211
,Dataset,Delta,MSE,BCE,AccAim,F1Aim,F.5Aim,F2Aim,GAim,BAim
Acc,D,0.9944,0.9944,0.9972,0.9972,0.9972,0.9972,0.9972,0.9972,0.9972
F1,S,0.9905,0.9905,0.9957,0.9957,0.9957,0.9957,0.9957,0.9957,0.9957
F.5,12,0.9961,0.9961,0.9932,0.9932,0.9932,0.9932,0.9932,0.9932,0.9932
F2,C,0.9852,0.9852,0.9982,0.9982,0.9982,0.9982,0.9982,0.9982,0.9982
Gmean,S,0.9907,0.9907,0.998,0.998,0.998,0.998,0.998,0.998,0.998
B_Acc,V,0.9909,0.9909,0.998,0.998,0.998,0.998,0.998,0.998,0.998
,Dataset,Delta,MSE,BCE,AccAim,F1Aim,F.5Aim,F2Aim,GAim,BAim
Acc,D,0.8046,0.7991,0.7852,0.7992,0.6393,0.7854,0.46,0.6448,0.642
F1,S,0.2811,0.2725,0.3031,0.2792,0.3875,0.2817,0.4173,0.3932,0.3788
F.5,13,0.393,0.3701,0.3895,0.384,0.3463,0.3738,0.3232,0.3521,0.342
F2,C,0.227,0.2246,0.2581,0.2266,0.4435,0.2352,0.5907,0.4468,0.4267
Gmean,S,0.3545,0.3524,0.4032,0.3539,0.5727,0.3812,0.5222,0.5786,0.5642
B_Acc,V,0.5959,0.5924,0.5951,0.5923,0.5891,0.587,0.5863,0.5919,0.5812
,Dataset,Delta,MSE,BCE,AccAim,F1Aim,F.5Aim,F2Aim,GAim,BAim
Acc,D,0.9151,0.9151,0.9151,0.9151,0.5856,0.8678,0.3591,0.5255,0.5496
F1,S,0,0,0,0,0.1075,0.1886,0.13,0.1393,0.1304
F.5,14,0,0,0,0,0.07743,0.2476,0.08883,0.09921,0.09299
F2,C,0,0,0,0,0.1776,0.1639,0.2427,0.2364,0.221
Gmean,S,0,0,0,0,0.3494,0.2697,0.4177,0.4518,0.4385
B_Acc,V,0.5,0.5,0.5,0.5,0.4677,0.55,0.4606,0.4956,0.4935
,Dataset,Delta,MSE,BCE,AccAim,F1Aim,F.5Aim,F2Aim,GAim,BAim
Acc,D,0.8688,0.8661,0.8739,0.853,0.8609,0.8582,0.7508,0.8161,0.7901
F1,S,0.2508,0.2508,0.3843,0.3289,0.4415,0.3754,0.3777,0.438,0.3917
F.5,15,0.3595,0.3595,0.4511,0.3955,0.4732,0.4279,0.3212,0.3888,0.3413
F2,C,0.1948,0.1948,0.3432,0.2892,0.429,0.3388,0.4657,0.5031,0.4658
Gmean,S,0.3147,0.3147,0.4614,0.4181,0.5741,0.4819,0.6048,0.6113,0.5828
B_Acc,V,0.5819,0.5804,0.6477,0.6132,0.6824,0.6367,0.6716,0.7102,0.6863
,Dataset,Delta,MSE,BCE,AccAim,F1Aim,F.5Aim,F2Aim,GAim,BAim
Acc,D,0.8344,0.8496,0.8574,0.8548,0.8776,0.8499,0.8087,0.8853,0.8394
F1,S,0.7967,0.817,0.8149,0.809,0.8508,0.7832,0.7987,0.8603,0.8128
F.5,16,0.7695,0.7852,0.8059,0.8051,0.815,0.8156,0.7173,0.8246,0.7643
F2,C,0.8311,0.8554,0.8275,0.8171,0.8933,0.7568,0.9038,0.9016,0.872
Gmean,S,0.8368,0.8548,0.8516,0.8463,0.8851,0.8199,0.8311,0.8932,0.8513
B_Acc,V,0.8401,0.8574,0.8539,0.8493,0.8878,0.8281,0.8463,0.8952,0.8562
,Dataset,Delta,MSE,BCE,AccAim,F1Aim,F.5Aim,F2Aim,GAim,BAim
Acc,D,0.7775,0.78,0.7625,0.8,0.6475,0.8225,0.475,0.7275,0.6475
F1,S,0.07818,0.08,0.1301,0.452,0.437,0.5557,0.4419,0.494,0.4415
F.5,17,0.1448,0.1538,0.1829,0.5352,0.3997,0.6158,0.337,0.4644,0.3976
F2,C,0.0537,0.05405,0.1017,0.4016,0.5061,0.5119,0.6423,0.5369,0.5113
Gmean,S,0.1328,0.1333,0.2207,0.5787,0.6047,0.6651,0.561,0.6597,0.6104
B_Acc,V,0.5174,0.519,0.5235,0.6502,0.6267,0.7041,0.6337,0.6744,0.6267
,Dataset,Delta,MSE,BCE,AccAim,F1Aim,F.5Aim,F2Aim,GAim,BAim
Acc,D,0.9231,0.9256,0.9306,0.9306,0.9109,0.9158,0.854,0.8242,0.8343
F1,S,0.09,0.1667,0.2957,0.3795,0.374,0.301,0.3712,0.3301,0.362
F.5,18,0.1169,0.2095,0.3492,0.4159,0.3651,0.3253,0.3088,0.2632,0.2942
F2,C,0.07418,0.1436,0.2688,0.3587,0.3912,0.2925,0.4689,0.443,0.4747
Gmean,S,0.1147,0.196,0.3772,0.4775,0.5107,0.3984,0.6294,0.6193,0.6424
B_Acc,V,0.5306,0.5626,0.6224,0.6643,0.6801,0.6298,0.7258,0.7097,0.7305
,Dataset,Delta,MSE,BCE,AccAim,F1Aim,F.5Aim,F2Aim,GAim,BAim
Acc,D,0.8778,0.8778,0.8778,0.8778,0.5511,0.8133,0.16,0.5533,0.6244
F1,S,0,0,0,0,0.2038,0.1891,0.222,0.2216,0.1779
F.5,19,0,0,0,0,0.1508,0.2155,0.1517,0.165,0.1401
F2,C,0,0,0,0,0.316,0.1855,0.4138,0.3391,0.251
Gmean,S,0,0,0,0,0.4827,0.3117,0.1205,0.5349,0.4157
B_Acc,V,0.5,0.5,0.5,0.5,0.5318,0.5459,0.5126,0.5435,0.5122
,Dataset,Delta,MSE,BCE,AccAim,F1Aim,F.5Aim,F2Aim,GAim,BAim
Acc,D,0.9062,0.9062,0.9083,0.8995,0.8514,0.9038,0.7729,0.7423,0.7488
F1,S,0.1467,0.1467,0.2829,0.2798,0.4549,0.3504,0.3728,0.3495,0.3516
F.5,20,0.2222,0.2222,0.3721,0.3258,0.3862,0.4121,0.2992,0.2739,0.2787
F2,C,0.1104,0.1104,0.2332,0.2499,0.5598,0.3158,0.5027,0.4907,0.4853
Gmean,S,0.1941,0.1941,0.4031,0.4203,0.7538,0.5026,0.7239,0.7151,0.7111
B_Acc,V,0.5427,0.5427,0.5954,0.6018,0.7701,0.6331,0.7292,0.7212,0.716
,Dataset,Delta,MSE,BCE,AccAim,F1Aim,F.5Aim,F2Aim,GAim,BAim
Acc,D,0.736,0.7317,0.71,0.7143,0.6797,0.7165,0.5541,0.669,0.6776
F1,S,0.5514,0.5443,0.5115,0.5213,0.6132,0.5225,0.5863,0.5921,0.6081
F.5,21,0.6015,0.5939,0.5497,0.575,0.5579,0.578,0.4832,0.5456,0.5558
F2,C,0.5176,0.511,0.4838,0.483,0.6863,0.4832,0.7459,0.6533,0.6772
Gmean,S,0.6425,0.6369,0.6111,0.6187,0.6851,0.6193,0.5723,0.6681,0.6808
B_Acc,V,0.6806,0.6758,0.6534,0.6551,0.6963,0.6567,0.6383,0.6777,0.6917
,Dataset,Delta,MSE,BCE,AccAim,F1Aim,F.5Aim,F2Aim,GAim,BAim
Acc,D,0.8489,0.8489,0.8383,0.8511,0.7362,0.7915,0.534,0.6362,0.5936
F1,S,0,0,0.0404,0,0.2966,0.2324,0.3158,0.2919,0.2851
F.5,22,0,0,0.05507,0,0.267,0.2404,0.2371,0.2385,0.2258
F2,C,0,0,0.03229,0,0.3361,0.2289,0.4737,0.3808,0.3909
Gmean,S,0,0,0.07367,0,0.5389,0.4131,0.5965,0.5596,0.557
B_Acc,V,0.4987,0.4987,0.5043,0.5,0.5857,0.5593,0.6084,0.5741,0.5668
,Dataset,Delta,MSE,BCE,AccAim,F1Aim,F.5Aim,F2Aim,GAim,BAim
Acc,D,0.8653,0.8653,0.8653,0.8653,0.6526,0.7958,0.2839,0.6419,0.7028
F1,S,0,0,0,0,0.3204,0.3094,0.2684,0.3271,0.3256
F.5,24,0,0,0,0,0.2506,0.2941,0.1875,0.2525,0.2776
F2,C,0,0,0,0,0.4482,0.3328,0.4728,0.4656,0.4081
Gmean,S,0,0,0,0,0.625,0.5118,0.3859,0.6387,0.5985
B_Acc,V,0.5,0.5,0.5,0.5,0.6379,0.6091,0.5733,0.646,0.6219
,Dataset,Delta,MSE,BCE,AccAim,F1Aim,F.5Aim,F2Aim,GAim,BAim
Acc,D,0.8716,0.8716,0.8716,0.8716,0.8067,0.8298,0.3656,0.6733,0.7429
F1,S,0,0,0,0,0.3917,0.2978,0.2701,0.2695,0.3123
F.5,25,0,0,0,0,0.3596,0.307,0.1901,0.2166,0.2667
F2,C,0,0,0,0,0.4348,0.2944,0.4669,0.3637,0.3815
Gmean,S,0,0,0,0,0.6237,0.4492,0.4941,0.5583,0.5792
B_Acc,V,0.5,0.5,0.5,0.5,0.6647,0.6019,0.6003,0.5929,0.6198
,Dataset,Delta,MSE,BCE,AccAim,F1Aim,F.5Aim,F2Aim,GAim,BAim
Acc,D,0.628,0.608,0.612,0.764,0.76,0.762,0.542,0.76,0.76
F1,S,0.4709,0.4499,0.4452,0.7099,0.7142,0.7048,0.6158,0.7143,0.7123
F.5,26,0.5056,0.4785,0.487,0.695,0.6907,0.6931,0.5116,0.6908,0.6915
F2,C,0.4435,0.4266,0.4142,0.727,0.7407,0.7186,0.7736,0.7408,0.7366
Gmean,S,0.5636,0.546,0.5412,0.7581,0.7595,0.7539,0.5151,0.7595,0.7577
B_Acc,V,0.5926,0.5736,0.574,0.7599,0.7605,0.7563,0.6114,0.7605,0.7596
,Dataset,Delta,MSE,BCE,AccAim,F1Aim,F.5Aim,F2Aim,GAim,BAim
Acc,D,0.946,0.95,0.976,0.996,0.996,0.996,0.992,0.992,0.99
F1,S,0.8202,0.8346,0.9221,0.9867,0.9875,0.9867,0.9757,0.9757,0.9705
F.5,27,0.8537,0.868,0.9399,0.9944,0.9881,0.9944,0.9693,0.9699,0.9617
F2,C,0.7977,0.8112,0.9078,0.9795,0.9873,0.9795,0.9826,0.9824,0.9803
Gmean,S,0.873,0.8816,0.9428,0.9871,0.9923,0.9871,0.99,0.9899,0.9888
B_Acc,V,0.8818,0.8893,0.9452,0.9875,0.9926,0.9875,0.9902,0.9902,0.989
,Dataset,Delta,MSE,BCE,AccAim,F1Aim,F.5Aim,F2Aim,GAim,BAim
Acc,D,0.9068,0.9068,0.8988,0.9068,0.8689,0.8868,0.7379,0.7479,0.706
F1,S,0,0,0,0,0.4264,0.3442,0.2913,0.3014,0.2807
F.5,28,0,0,0,0,0.3792,0.3224,0.2224,0.2312,0.2111
F2,C,0,0,0,0,0.4966,0.3721,0.4268,0.4365,0.423
Gmean,S,0,0,0,0,0.6799,0.4932,0.6593,0.6655,0.653
B_Acc,V,0.5,0.5,0.4957,0.5,0.7332,0.6668,0.6902,0.6957,0.6815
,Dataset,Delta,MSE,BCE,AccAim,F1Aim,F.5Aim,F2Aim,GAim,BAim
Acc,D,0.8467,0.8448,0.8449,0.8354,0.8256,0.8258,0.7664,0.7836,0.7817
F1,S,0.482,0.4857,0.5015,0.4547,0.6039,0.4835,0.5801,0.5806,0.5857
F.5,29,0.602,0.6071,0.604,0.5639,0.5762,0.5229,0.4994,0.5147,0.5158
F2,C,0.4064,0.4082,0.433,0.3857,0.6395,0.4609,0.6947,0.668,0.6799
Gmean,S,0.5807,0.5886,0.6066,0.5609,0.7539,0.6157,0.7748,0.764,0.7707
B_Acc,V,0.6689,0.6681,0.6786,0.6554,0.767,0.6861,0.7797,0.7687,0.7746
,Dataset,Delta,MSE,BCE,AccAim,F1Aim,F.5Aim,F2Aim,GAim,BAim
Acc,D,0.9002,0.9002,0.9661,0.9585,0.9492,0.9548,0.9321,0.9283,0.904
F1,S,0.0619,0.0619,0.7913,0.7731,0.7392,0.7586,0.7309,0.7196,0.6747
F.5,30,0.1056,0.1056,0.8384,0.7834,0.7452,0.7972,0.6614,0.6467,0.5813
F2,C,0.04381,0.04381,0.7598,0.7695,0.7506,0.732,0.8227,0.8168,0.8105
Gmean,S,0.08555,0.08555,0.8402,0.8542,0.8486,0.8333,0.9129,0.9107,0.9183
B_Acc,V,0.5183,0.5183,0.8675,0.8745,0.8676,0.8505,0.9191,0.917,0.9212
,Dataset,Delta,MSE,BCE,AccAim,F1Aim,F.5Aim,F2Aim,GAim,BAim
Acc,D,0.9148,0.9148,0.9074,0.9111,0.8778,0.9093,0.8241,0.8167,0.7907
F1,S,0,0,0.2067,0.025,0.4038,0.3123,0.4166,0.4311,0.401
F.5,31,0,0,0.29,0.02941,0.3834,0.3752,0.3346,0.341,0.312
F2,C,0,0,0.167,0.02174,0.441,0.2735,0.5599,0.5926,0.5686
Gmean,S,0,0,0.2662,0.0438,0.6492,0.4377,0.7769,0.8067,0.7914
B_Acc,V,0.5,0.5,0.5639,0.507,0.6975,0.6124,0.7861,0.8115,0.7972
,Dataset,Delta,MSE,BCE,AccAim,F1Aim,F.5Aim,F2Aim,GAim,BAim
Acc,D,0.8622,0.8622,0.864,0.8676,0.6601,0.8569,0.6172,0.6458,0.6208
F1,S,0.1111,0.1111,0.1533,0.1756,0.3772,0.2729,0.4099,0.4011,0.405
F.5,32,0.2083,0.2083,0.2812,0.3229,0.2938,0.3732,0.3074,0.3069,0.3048
F2,C,0.07576,0.07576,0.1056,0.1208,0.531,0.2225,0.6151,0.5792,0.6039
Gmean,S,0.1768,0.1768,0.2471,0.2825,0.6766,0.4059,0.7225,0.7099,0.7166
B_Acc,V,0.5292,0.5292,0.5406,0.5479,0.6923,0.5832,0.7454,0.7205,0.7371
,Dataset,Delta,MSE,BCE,AccAim,F1Aim,F.5Aim,F2Aim,GAim,BAim
Acc,D,0.9253,0.927,0.9199,0.9288,0.9324,0.927,0.8149,0.854,0.8131
F1,S,0.7187,0.7238,0.7174,0.7458,0.7638,0.7312,0.613,0.6725,0.6138
F.5,33,0.8193,0.8285,0.7909,0.8261,0.8271,0.8209,0.5177,0.5958,0.5188
F2,C,0.6469,0.6488,0.6617,0.6853,0.7137,0.6656,0.7532,0.784,0.7537
Gmean,S,0.7699,0.7708,0.781,0.7973,0.8165,0.7831,0.8426,0.8656,0.8427
B_Acc,V,0.7981,0.7991,0.8039,0.8176,0.8332,0.8076,0.8456,0.8695,0.845
,Dataset,Delta,MSE,BCE,AccAim,F1Aim,F.5Aim,F2Aim,GAim,BAim
Acc,D,0.956,0.956,0.9807,0.9807,0.9789,0.9737,0.9666,0.9807,0.9789
F1,S,0.932,0.9337,0.9734,0.973,0.9709,0.9624,0.9554,0.9734,0.9712
F.5,34,0.9654,0.9642,0.9806,0.9802,0.9767,0.9782,0.9525,0.9778,0.977
F2,C,0.9035,0.9072,0.9667,0.9664,0.9656,0.9477,0.9593,0.9694,0.9657
Gmean,S,0.9375,0.9393,0.9767,0.9765,0.9752,0.9655,0.9654,0.9776,0.9753
B_Acc,V,0.9418,0.9427,0.9771,0.977,0.9756,0.9665,0.9659,0.978,0.9756
,Dataset,Delta,MSE,BCE,AccAim,F1Aim,F.5Aim,F2Aim,GAim,BAim
Acc,D,0.7153,0.7136,0.7154,0.7102,0.6467,0.674,0.5746,0.6568,0.6415
F1,S,0.07608,0.08496,0.2712,0.108,0.5952,0.5699,0.5637,0.5845,0.5947
F.5,35,0.1512,0.1615,0.374,0.1801,0.4943,0.4962,0.4522,0.4942,0.4916
F2,C,0.05107,0.0579,0.2171,0.07844,0.7484,0.67,0.7484,0.7161,0.753
Gmean,S,0.1698,0.1792,0.4069,0.2074,0.6996,0.6947,0.6338,0.6987,0.6965
B_Acc,V,0.5138,0.5143,0.5592,0.5178,0.7237,0.6996,0.6893,0.7126,0.7236
,Dataset,Delta,MSE,BCE,AccAim,F1Aim,F.5Aim,F2Aim,GAim,BAim
Acc,D,0.8904,0.887,0.8937,0.8971,0.8969,0.892,0.8616,0.8616,0.8649
F1,S,0.8332,0.8285,0.837,0.8455,0.8473,0.8242,0.8129,0.8012,0.8113
F.5,36,0.8215,0.8169,0.8296,0.8342,0.8313,0.8419,0.7582,0.7697,0.7696
F2,C,0.8469,0.8419,0.8456,0.8585,0.8654,0.8087,0.877,0.8367,0.8588
Gmean,S,0.8803,0.8766,0.8814,0.8887,0.8916,0.8636,0.8772,0.8614,0.8722
B_Acc,V,0.8816,0.8778,0.8826,0.8894,0.8921,0.8675,0.8788,0.8619,0.8727
,Dataset,Delta,MSE,BCE,AccAim,F1Aim,F.5Aim,F2Aim,GAim,BAim
Acc,D,1,1,1,1,1,1,1,1,1
F1,S,1,1,1,1,1,1,1,1,1
F.5,37,1,1,1,1,1,1,1,1,1
F2,C,1,1,1,1,1,1,1,1,1
Gmean,S,1,1,1,1,1,1,1,1,1
B_Acc,V,1,1,1,1,1,1,1,1,1
,Dataset,Delta,MSE,BCE,AccAim,F1Aim,F.5Aim,F2Aim,GAim,BAim
Acc,D,0.8785,0.8785,0.8884,0.8802,0.8901,0.8851,0.8572,0.8802,0.8818
F1,S,0.8207,0.8213,0.844,0.8298,0.8544,0.8177,0.8375,0.8489,0.8519
F.5,38,0.8622,0.86,0.8599,0.8517,0.8415,0.9021,0.7678,0.815,0.8156
F2,C,0.7847,0.7877,0.8299,0.8104,0.8689,0.7487,0.9227,0.887,0.8932
Gmean,S,0.8482,0.8494,0.872,0.8597,0.8871,0.8358,0.8782,0.8864,0.8891
B_Acc,V,0.8543,0.8553,0.8743,0.8631,0.888,0.8482,0.8855,0.8877,0.8909
,Dataset,Delta,MSE,BCE,AccAim,F1Aim,F.5Aim,F2Aim,GAim,BAim
Acc,D,0.7082,0.7098,0.7051,0.7286,0.7504,0.7208,0.727,0.752,0.7489
F1,S,0.4621,0.4649,0.4714,0.6294,0.7023,0.6258,0.6918,0.699,0.705
F.5,39,0.5108,0.5159,0.5139,0.5849,0.6163,0.5771,0.5933,0.6172,0.614
F2,C,0.4242,0.4253,0.4374,0.6843,0.818,0.6873,0.8307,0.8072,0.8291
Gmean,S,0.5802,0.5823,0.589,0.7257,0.7844,0.7215,0.7694,0.7831,0.7863
B_Acc,V,0.6261,0.6274,0.6279,0.7285,0.7958,0.7252,0.7895,0.7919,0.8001
,Dataset,Delta,MSE,BCE,AccAim,F1Aim,F.5Aim,F2Aim,GAim,BAim
Acc,D,0.9443,0.9443,0.9473,0.9488,0.9271,0.941,0.879,0.8526,0.7936
F1,S,0.09,0.13,0.3343,0.4793,0.3463,0.4007,0.2765,0.2814,0.2268
F.5,40,0.1339,0.1964,0.4208,0.5269,0.3547,0.4448,0.2353,0.2262,0.172
F2,C,0.06787,0.09729,0.2879,0.4604,0.3606,0.3805,0.3453,0.3784,0.3394
Gmean,S,0.1077,0.1577,0.4208,0.6158,0.5575,0.5602,0.5791,0.6235,0.6044
B_Acc,V,0.5283,0.54,0.6276,0.7185,0.6719,0.6752,0.6698,0.6909,0.6713
,Dataset,Delta,MSE,BCE,AccAim,F1Aim,F.5Aim,F2Aim,GAim,BAim
Acc,D,0.9244,0.9244,0.9259,0.9259,0.8957,0.9289,0.8108,0.7806,0.7564
F1,S,0.1571,0.1571,0.2738,0.2238,0.4595,0.2994,0.3959,0.3642,0.3552
F.5,41,0.2551,0.2551,0.3771,0.3172,0.4268,0.3951,0.3067,0.2751,0.2636
F2,C,0.1142,0.1142,0.2185,0.1773,0.5056,0.2533,0.5608,0.5404,0.5465
Gmean,S,0.2193,0.2193,0.3613,0.2961,0.705,0.3868,0.7911,0.7831,0.7931
B_Acc,V,0.5459,0.5459,0.5909,0.5742,0.7373,0.6109,0.798,0.7908,0.8035
,Dataset,Delta,MSE,BCE,AccAim,F1Aim,F.5Aim,F2Aim,GAim,BAim
Acc,D,0.9604,0.9604,0.9692,0.9707,0.9736,0.9604,0.9721,0.9736,0.9736
F1,S,0.9417,0.9417,0.9559,0.9594,0.9636,0.9425,0.9625,0.9636,0.964
F.5,42,0.9559,0.9559,0.9583,0.9509,0.9528,0.9517,0.9468,0.9527,0.9514
F2,C,0.9286,0.9286,0.9544,0.9685,0.9752,0.934,0.9795,0.9752,0.9777
Gmean,S,0.9503,0.9503,0.9652,0.9715,0.9757,0.9525,0.9763,0.9757,0.9765
B_Acc,V,0.9511,0.9511,0.9656,0.9717,0.9759,0.9531,0.9766,0.9759,0.9768
,Dataset,Delta,MSE,BCE,AccAim,F1Aim,F.5Aim,F2Aim,GAim,BAim
Acc,D,0.9149,0.9163,0.9107,0.9149,0.8908,0.9164,0.8142,0.8001,0.7547
F1,S,0.09802,0.1175,0.1767,0.2383,0.3934,0.3143,0.4437,0.4275,0.403
F.5,43,0.1524,0.1722,0.2341,0.303,0.379,0.3991,0.3495,0.3347,0.3013
F2,C,0.07256,0.09037,0.1439,0.1998,0.4184,0.2659,0.6133,0.5964,0.6099
Gmean,S,0.1348,0.1516,0.2215,0.3196,0.6188,0.4002,0.8192,0.8064,0.8293
B_Acc,V,0.5286,0.5369,0.5565,0.5827,0.688,0.6114,0.8239,0.8098,0.8355
,Dataset,Delta,MSE,BCE,AccAim,F1Aim,F.5Aim,F2Aim,GAim,BAim
Acc,D,0.7741,0.7741,0.7727,0.7634,0.6792,0.7835,0.4812,0.6778,0.6712
F1,S,0.136,0.136,0.1931,0.1586,0.5053,0.4671,0.442,0.5135,0.5122
F.5,44,0.2288,0.2288,0.2923,0.2429,0.4353,0.5214,0.3424,0.4392,0.4349
F2,C,0.09865,0.09865,0.148,0.1214,0.6042,0.4262,0.6246,0.6193,0.6237
Gmean,S,0.2263,0.2263,0.311,0.2822,0.6809,0.5978,0.5544,0.6889,0.6881
B_Acc,V,0.5366,0.5366,0.5512,0.5372,0.6854,0.653,0.6131,0.6921,0.6915
,Dataset,Delta,MSE,BCE,AccAim,F1Aim,F.5Aim,F2Aim,GAim,BAim
Acc,D,0.7799,0.7799,0.776,0.7629,0.7408,0.7708,0.6458,0.7382,0.7434
F1,S,0.6403,0.6403,0.6431,0.6302,0.6778,0.615,0.6437,0.6645,0.6794
F.5,45,0.7043,0.7043,0.6964,0.6723,0.6291,0.6919,0.5465,0.6274,0.633
F2,C,0.5906,0.5906,0.6011,0.5969,0.7364,0.5571,0.7836,0.7096,0.7351
Gmean,S,0.7078,0.7078,0.7114,0.7033,0.7477,0.6858,0.6754,0.7364,0.749
B_Acc,V,0.7295,0.7295,0.7299,0.7201,0.7504,0.7138,0.7087,0.7397,0.7515
,Dataset,Delta,MSE,BCE,AccAim,F1Aim,F.5Aim,F2Aim,GAim,BAim
Acc,D,0.8055,0.8055,0.8055,0.8055,0.2948,0.6876,0.1945,0.5747,0.5796
F1,S,0,0,0,0,0.292,0.259,0.3256,0.2972,0.2809
F.5,46,0,0,0,0,0.2139,0.2446,0.2318,0.2448,0.2355
F2,C,0,0,0,0,0.4619,0.2791,0.5468,0.3789,0.3495
Gmean,S,0,0,0,0,0.3386,0.4662,0,0.5261,0.5062
B_Acc,V,0.5,0.5,0.5,0.5,0.4731,0.5392,0.5,0.5332,0.5193
,Dataset,Delta,MSE,BCE,AccAim,F1Aim,F.5Aim,F2Aim,GAim,BAim
Acc,D,0.7709,0.7709,0.7672,0.8165,0.6712,0.7734,0.2943,0.6884,0.6724
F1,S,0.01,0.01,0.04644,0.3265,0.4489,0.3559,0.371,0.4632,0.4521
F.5,47,0.02174,0.02174,0.08735,0.532,0.3966,0.4357,0.2739,0.4117,0.3984
F2,C,0.006494,0.006494,0.03181,0.238,0.5216,0.3037,0.575,0.5325,0.5262
Gmean,S,0.02294,0.02294,0.1004,0.4384,0.6317,0.4997,0.3067,0.6457,0.6353
B_Acc,V,0.5026,0.5026,0.5076,0.601,0.6425,0.5995,0.5096,0.6555,0.6451
,Dataset,Delta,MSE,BCE,AccAim,F1Aim,F.5Aim,F2Aim,GAim,BAim
Acc,D,0.9964,0.9964,0.9952,0.9953,0.9941,0.9964,0.9929,0.9917,0.9941
F1,S,0.9954,0.9954,0.9939,0.9938,0.9923,0.9953,0.9909,0.9893,0.9923
F.5,48,0.9946,0.9946,0.9904,0.9922,0.9897,0.9945,0.9856,0.9849,0.9897
F2,C,0.9962,0.9962,0.9975,0.9956,0.995,0.9962,0.9963,0.9938,0.995
Gmean,S,0.9965,0.9965,0.9961,0.9955,0.9946,0.9965,0.9942,0.9926,0.9946
B_Acc,V,0.9965,0.9965,0.9962,0.9956,0.9946,0.9965,0.9942,0.9927,0.9946
,Dataset,Delta,MSE,BCE,AccAim,F1Aim,F.5Aim,F2Aim,GAim,BAim
Acc,D,0.9137,0.9255,0.9349,0.9432,0.961,0.9456,0.9089,0.9503,0.929
F1,S,0.8204,0.8488,0.8734,0.8927,0.9258,0.889,0.846,0.9091,0.8763
F.5,49,0.8558,0.874,0.8787,0.8849,0.9153,0.9158,0.7919,0.8858,0.8354
F2,C,0.7895,0.8261,0.8692,0.9015,0.9368,0.8643,0.9094,0.9349,0.923
Gmean,S,0.8605,0.8845,0.9111,0.9311,0.9553,0.9112,0.9239,0.9509,0.9377
B_Acc,V,0.8671,0.8885,0.9127,0.9317,0.9556,0.9141,0.9249,0.9513,0.9384
,Dataset,Delta,MSE,BCE,AccAim,F1Aim,F.5Aim,F2Aim,GAim,BAim
Acc,D,0.6879,0.6879,0.6879,0.7004,0.6326,0.6378,0.3466,0.6535,0.6336
F1,S,0.3295,0.3295,0.3481,0.346,0.5739,0.5637,0.5147,0.5851,0.57
F.5,50,0.4684,0.4684,0.4734,0.4948,0.5142,0.5131,0.3987,0.5317,0.5131
F2,C,0.2558,0.2558,0.2769,0.267,0.65,0.6264,0.7261,0.651,0.6419
Gmean,S,0.4527,0.4527,0.4693,0.4632,0.6476,0.6445,0,0.6633,0.6461
B_Acc,V,0.5787,0.5787,0.5837,0.5904,0.6517,0.6471,0.5,0.6654,0.6496
,Dataset,Delta,MSE,BCE,AccAim,F1Aim,F.5Aim,F2Aim,GAim,BAim
Acc,D,0.9208,0.9187,0.9229,0.926,0.926,0.9218,0.8874,0.9166,0.9197
F1,S,0.8845,0.8816,0.891,0.8954,0.8957,0.8837,0.8619,0.889,0.8913
F.5,51,0.9113,0.9082,0.9025,0.9078,0.9067,0.9207,0.8112,0.8706,0.8823
F2,C,0.8598,0.8568,0.88,0.8836,0.8853,0.8502,0.9208,0.9085,0.901
Gmean,S,0.9018,0.8995,0.911,0.9142,0.9148,0.8983,0.9016,0.9177,0.9169
B_Acc,V,0.9042,0.9019,0.912,0.9152,0.9157,0.9017,0.9044,0.9179,0.9171
,Dataset,Delta,MSE,BCE,AccAim,F1Aim,F.5Aim,F2Aim,GAim,BAim
Acc,D,0.814,0.814,0.814,0.8202,0.777,0.814,0.7163,0.7811,0.7553
F1,S,0.6757,0.6757,0.6757,0.6897,0.69,0.6757,0.6775,0.7018,0.6832
F.5,52,0.7377,0.7377,0.7377,0.7455,0.6565,0.7377,0.592,0.6629,0.6292
F2,C,0.6285,0.6285,0.6285,0.6474,0.7298,0.6285,0.7935,0.7475,0.7488
Gmean,S,0.7389,0.7389,0.7389,0.7511,0.7696,0.7389,0.7474,0.7798,0.7644
B_Acc,V,0.7606,0.7606,0.7606,0.7707,0.773,0.7606,0.7621,0.7816,0.7671
,Dataset,Delta,MSE,BCE,AccAim,F1Aim,F.5Aim,F2Aim,GAim,BAim
Acc,D,0.9495,0.9495,0.9636,0.9717,0.9808,0.9737,0.9485,0.9485,0.9414
F1,S,0.6044,0.6044,0.7744,0.8213,0.8863,0.8262,0.7728,0.7858,0.7612
F.5,53,0.754,0.754,0.832,0.8818,0.9254,0.9126,0.701,0.705,0.6684
F2,C,0.512,0.512,0.7328,0.7724,0.853,0.7594,0.8655,0.8936,0.8871
Gmean,S,0.6643,0.6643,0.8339,0.8563,0.9095,0.8455,0.9457,0.9662,0.9672
B_Acc,V,0.7322,0.7322,0.85,0.8694,0.9144,0.8606,0.9467,0.9667,0.9678
,Dataset,Delta,MSE,BCE,AccAim,F1Aim,F.5Aim,F2Aim,GAim,BAim
Acc,D,0.737,0.737,0.74,0.741,0.705,0.734,0.565,0.716,0.716
F1,S,0.4468,0.4441,0.4692,0.5202,0.585,0.5188,0.5501,0.6014,0.5995
F.5,54,0.5263,0.525,0.5391,0.5562,0.5369,0.545,0.4493,0.5516,0.5498
F2,C,0.3917,0.3885,0.4176,0.492,0.6445,0.498,0.7103,0.663,0.6606
Gmean,S,0.5649,0.5626,0.5851,0.6337,0.6994,0.6354,0.612,0.7133,0.7126
B_Acc,V,0.6302,0.6293,0.64,0.6655,0.7017,0.6633,0.656,0.7152,0.7143
,Dataset,Delta,MSE,BCE,AccAim,F1Aim,F.5Aim,F2Aim,GAim,BAim
Acc,D,0.737,0.737,0.733,0.771,0.638,0.729,0.417,0.643,0.649
F1,S,0.1355,0.1355,0.1909,0.2881,0.4644,0.4076,0.4322,0.4505,0.4612
F.5,55,0.2311,0.2311,0.2875,0.4406,0.4065,0.4421,0.3336,0.4033,0.4118
F2,C,0.09627,0.09627,0.1435,0.216,0.543,0.3791,0.6144,0.5114,0.5248
Gmean,S,0.2571,0.2571,0.3286,0.4123,0.6256,0.554,0.466,0.6128,0.6226
B_Acc,V,0.5235,0.5235,0.5346,0.5806,0.6301,0.6098,0.5599,0.6171,0.6262
,Dataset,Delta,MSE,BCE,AccAim,F1Aim,F.5Aim,F2Aim,GAim,BAim
Acc,D,0.8763,0.8763,0.8725,0.8696,0.7881,0.813,0.7152,0.741,0.7142
F1,S,0.08381,0.08381,0.1577,0.07451,0.4359,0.323,0.4191,0.4288,0.4234
F.5,56,0.1564,0.1564,0.24,0.1196,0.3607,0.2956,0.323,0.3372,0.3255
F2,C,0.05739,0.05739,0.1186,0.05485,0.5529,0.3608,0.5982,0.5907,0.6067
Gmean,S,0.1681,0.1681,0.2893,0.1497,0.7342,0.5646,0.763,0.7609,0.769
B_Acc,V,0.5194,0.5194,0.5406,0.5152,0.7399,0.6333,0.769,0.7636,0.7754
,Dataset,Delta,MSE,BCE,AccAim,F1Aim,F.5Aim,F2Aim,GAim,BAim
Acc,D,0.8398,0.8398,0.8588,0.8578,0.8474,0.8502,0.7592,0.8351,0.8332
F1,S,0.7429,0.7429,0.7853,0.7875,0.7858,0.75,0.7227,0.7795,0.7796
F.5,57,0.7758,0.7758,0.7938,0.7899,0.7607,0.8038,0.6383,0.7362,0.7322
F2,C,0.7152,0.7152,0.7784,0.7875,0.8137,0.7081,0.8337,0.8296,0.8344
Gmean,S,0.7957,0.7957,0.8342,0.8374,0.8431,0.7958,0.7898,0.8414,0.8422
B_Acc,V,0.8052,0.8052,0.838,0.8407,0.844,0.8095,0.8009,0.843,0.8436
,Dataset,Delta,MSE,BCE,AccAim,F1Aim,F.5Aim,F2Aim,GAim,BAim
Acc,D,0.8265,0.8274,0.8293,0.8199,0.7627,0.8199,0.5638,0.7177,0.7234
F1,S,0.1274,0.135,0.212,0.0593,0.4592,0.4384,0.3784,0.4387,0.4444
F.5,58,0.2123,0.2217,0.3084,0.09178,0.4088,0.4565,0.2905,0.3709,0.3782
F2,C,0.09155,0.0978,0.1642,0.04474,0.5267,0.4268,0.5443,0.5384,0.5412
Gmean,S,0.2409,0.2482,0.3256,0.1317,0.6815,0.6099,0.6291,0.6831,0.6854
B_Acc,V,0.529,0.5317,0.5569,0.5097,0.6928,0.6618,0.6472,0.6855,0.6888
,Dataset,Delta,MSE,BCE,AccAim,F1Aim,F.5Aim,F2Aim,GAim,BAim
Acc,D,0.9162,0.9171,0.9749,0.9851,0.987,0.973,0.9758,0.9888,0.9879
F1,S,0.8537,0.8557,0.9602,0.9765,0.9796,0.9563,0.9637,0.9828,0.9814
F.5,59,0.9219,0.923,0.9715,0.9818,0.9814,0.9803,0.9481,0.978,0.9757
F2,C,0.7955,0.7981,0.9494,0.9715,0.9779,0.9338,0.98,0.9878,0.9873
Gmean,S,0.8677,0.8694,0.9659,0.9805,0.9842,0.9581,0.9797,0.9894,0.9887
B_Acc,V,0.8758,0.8772,0.9664,0.9807,0.9843,0.9591,0.9798,0.9894,0.9887
,Dataset,Delta,MSE,BCE,AccAim,F1Aim,F.5Aim,F2Aim,GAim,BAim
Acc,D,0.8728,0.8728,0.8672,0.8644,0.7846,0.8217,0.7187,0.7512,0.7224
F1,S,0.0625,0.0625,0.1264,0.03333,0.421,0.3584,0.437,0.4513,0.4419
F.5,60,0.1109,0.1109,0.1942,0.05409,0.35,0.3322,0.3367,0.3556,0.3406
F2,C,0.04357,0.04357,0.09431,0.0249,0.5303,0.3942,0.6234,0.6181,0.6299
Gmean,S,0.1184,0.1184,0.2116,0.06371,0.7117,0.5943,0.7795,0.7795,0.7846
B_Acc,V,0.5139,0.5139,0.5298,0.5027,0.7249,0.6522,0.7855,0.7813,0.7909
,Dataset,Delta,MSE,BCE,AccAim,F1Aim,F.5Aim,F2Aim,GAim,BAim
Acc,D,0.9297,0.9297,0.9315,0.936,0.8765,0.9351,0.7863,0.7673,0.7196
F1,S,0.06722,0.06722,0.1864,0.248,0.261,0.3188,0.3278,0.3174,0.2886
F.5,61,0.1184,0.1184,0.2958,0.3932,0.2679,0.4466,0.2467,0.2355,0.208
F2,C,0.0471,0.0471,0.1379,0.1838,0.2828,0.2541,0.4906,0.4882,0.4714
Gmean,S,0.1083,0.1083,0.2817,0.3694,0.5185,0.4578,0.7607,0.7633,0.7583
B_Acc,V,0.5177,0.5177,0.555,0.5757,0.6192,0.6067,0.7663,0.7677,0.765
,Dataset,Delta,MSE,BCE,AccAim,F1Aim,F.5Aim,F2Aim,GAim,BAim
Acc,D,0.9049,0.9049,0.9187,0.9222,0.9299,0.9109,0.8918,0.9057,0.8918
F1,S,0.7382,0.7382,0.7966,0.8083,0.8362,0.765,0.7902,0.8075,0.7841
F.5,62,0.8449,0.8449,0.8516,0.8536,0.8544,0.8447,0.733,0.7696,0.7361
F2,C,0.658,0.658,0.7505,0.7697,0.8214,0.7035,0.8594,0.8524,0.8418
Gmean,S,0.7771,0.7771,0.8385,0.851,0.8837,0.8071,0.8991,0.8981,0.8888
B_Acc,V,0.8011,0.8011,0.849,0.8596,0.8882,0.8247,0.8999,0.8992,0.8902
,Dataset,Delta,MSE,BCE,AccAim,F1Aim,F.5Aim,F2Aim,GAim,BAim
Acc,D,0.9371,0.9364,0.9492,0.9462,0.9341,0.9455,0.8773,0.8652,0.8545
F1,S,0.5124,0.5051,0.6745,0.6393,0.6174,0.6169,0.5659,0.545,0.5333
F.5,63,0.683,0.6774,0.7579,0.7444,0.6478,0.7506,0.4729,0.4484,0.4322
F2,C,0.4157,0.408,0.6133,0.5634,0.5931,0.5282,0.7058,0.6957,0.6975
Gmean,S,0.598,0.5921,0.7523,0.7151,0.7458,0.6881,0.8624,0.8594,0.8651
B_Acc,V,0.6832,0.6793,0.7838,0.7565,0.7751,0.7383,0.8636,0.8607,0.8661
,Dataset,Delta,MSE,BCE,AccAim,F1Aim,F.5Aim,F2Aim,GAim,BAim
Acc,D,1,1,1,1,1,1,1,1,1
F1,S,1,1,1,1,1,1,1,1,1
F.5,64,1,1,1,1,1,1,1,1,1
F2,C,1,1,1,1,1,1,1,1,1
Gmean,S,1,1,1,1,1,1,1,1,1
B_Acc,V,1,1,1,1,1,1,1,1,1
,Dataset,Delta,MSE,BCE,AccAim,F1Aim,F.5Aim,F2Aim,GAim,BAim
Acc,D,0.9033,0.9026,0.9061,0.9095,0.8793,0.9088,0.8134,0.8285,0.7929
F1,S,0.3573,0.3505,0.4794,0.487,0.5432,0.4873,0.5396,0.5652,0.5217
F.5,65,0.5284,0.5246,0.6099,0.6262,0.5322,0.6194,0.4417,0.467,0.4176
F2,C,0.2729,0.2663,0.399,0.4016,0.5668,0.4056,0.6986,0.7221,0.6976
Gmean,S,0.4616,0.4572,0.5886,0.589,0.7296,0.5915,0.8385,0.8542,0.8382
B_Acc,V,0.6162,0.6131,0.6709,0.673,0.7545,0.675,0.8404,0.8565,0.8408
,Dataset,Delta,MSE,BCE,AccAim,F1Aim,F.5Aim,F2Aim,GAim,BAim
Acc,D,0.8957,0.8964,0.8957,0.8931,0.8401,0.8509,0.7748,0.7684,0.7665
F1,S,0.0768,0.08726,0.1173,0.03073,0.4149,0.3645,0.4147,0.4083,0.4105
F.5,66,0.143,0.1597,0.2065,0.05119,0.3621,0.3388,0.3241,0.3178,0.3188
F2,C,0.05281,0.06027,0.08233,0.02218,0.4882,0.395,0.5765,0.5715,0.5773
Gmean,S,0.1598,0.1701,0.2132,0.07428,0.6899,0.6077,0.7758,0.7723,0.7769
B_Acc,V,0.5183,0.5214,0.5294,0.5058,0.7143,0.6595,0.7777,0.7741,0.7786
,Dataset,Delta,MSE,BCE,AccAim,F1Aim,F.5Aim,F2Aim,GAim,BAim
Acc,D,0.7159,0.7159,0.7182,0.8241,0.6516,0.7182,0.633,0.684,0.6492
F1,S,0.4283,0.4283,0.4422,0.6619,0.6197,0.5515,0.6215,0.6384,0.628
F.5,67,0.4884,0.4884,0.4964,0.7267,0.5142,0.5391,0.5069,0.5378,0.5166
F2,C,0.3824,0.3824,0.4001,0.6082,0.7802,0.5661,0.8037,0.7855,0.8012
Gmean,S,0.5556,0.5556,0.568,0.7317,0.7038,0.6692,0.6886,0.733,0.7045
B_Acc,V,0.6134,0.6134,0.6206,0.7534,0.7352,0.6778,0.738,0.754,0.7446
,Dataset,Delta,MSE,BCE,AccAim,F1Aim,F.5Aim,F2Aim,GAim,BAim
Acc,D,0.9356,0.9351,0.9552,0.9418,0.9346,0.9614,0.9346,0.9346,0.9346
F1,S,0.9161,0.9155,0.9387,0.9238,0.9148,0.9426,0.9148,0.9148,0.9148
F.5,68,0.8731,0.8722,0.914,0.8877,0.8712,0.9582,0.8712,0.8712,0.8712
F2,C,0.9644,0.9641,0.9651,0.9643,0.9638,0.9278,0.9638,0.9638,0.9638
Gmean,S,0.9492,0.9488,0.9615,0.9529,0.9484,0.9505,0.9484,0.9484,0.9484
B_Acc,V,0.9507,0.9503,0.9619,0.9541,0.95,0.9513,0.95,0.95,0.95
,Dataset,Delta,MSE,BCE,AccAim,F1Aim,F.5Aim,F2Aim,GAim,BAim
Acc,D,0.9,0.9,0.9985,0.9985,0.9985,0.9985,0.9985,0.9985,0.9985
F1,S,0,0,0.9923,0.9923,0.9923,0.9923,0.9923,0.9923,0.9923
F.5,69,0,0,0.9969,0.9969,0.9969,0.9969,0.9969,0.9969,0.9969
F2,C,0,0,0.9879,0.9879,0.9879,0.9879,0.9879,0.9879,0.9879
Gmean,S,0,0,0.9924,0.9924,0.9924,0.9924,0.9924,0.9924,0.9924
B_Acc,V,0.5,0.5,0.9925,0.9925,0.9925,0.9925,0.9925,0.9925,0.9925
,Dataset,Delta,MSE,BCE,AccAim,F1Aim,F.5Aim,F2Aim,GAim,BAim
Acc,D,0.9985,0.9985,0.998,0.999,0.999,0.9985,0.9985,0.998,0.998
F1,S,0.9924,0.9924,0.99,0.995,0.995,0.9924,0.9926,0.9901,0.9901
F.5,70,0.9941,0.9941,0.9902,0.9951,0.9951,0.9941,0.9913,0.9874,0.9874
F2,C,0.9909,0.9909,0.9899,0.995,0.995,0.9909,0.994,0.993,0.993
Gmean,S,0.9947,0.9947,0.9944,0.9972,0.9972,0.9947,0.9969,0.9966,0.9966
B_Acc,V,0.9947,0.9947,0.9944,0.9972,0.9972,0.9947,0.9969,0.9967,0.9967
,Dataset,Delta,MSE,BCE,AccAim,F1Aim,F.5Aim,F2Aim,GAim,BAim
Acc,D,0.9965,0.997,0.996,0.998,0.999,0.998,0.999,0.997,0.996
F1,S,0.9822,0.9846,0.98,0.9896,0.9947,0.9896,0.9947,0.985,0.9806
F.5,71,0.987,0.9909,0.9805,0.9957,0.9978,0.9957,0.9978,0.9824,0.9725
F2,C,0.9777,0.9787,0.9798,0.9838,0.9918,0.9838,0.9918,0.9879,0.9891
Gmean,S,0.9867,0.987,0.9887,0.9898,0.9949,0.9898,0.9949,0.9938,0.9955
B_Acc,V,0.9869,0.9872,0.9889,0.99,0.995,0.99,0.995,0.9939,0.9956
,Dataset,Delta,MSE,BCE,AccAim,F1Aim,F.5Aim,F2Aim,GAim,BAim
Acc,D,0.992,0.992,0.9945,0.9945,0.994,0.994,0.9915,0.9875,0.987
F1,S,0.9588,0.9585,0.972,0.9724,0.9699,0.9695,0.9584,0.9405,0.9387
F.5,72,0.9742,0.974,0.9798,0.9773,0.9732,0.9788,0.949,0.9215,0.9136
F2,C,0.9443,0.9441,0.9647,0.9679,0.9668,0.9606,0.9682,0.9607,0.9658
Gmean,S,0.966,0.9659,0.9789,0.9812,0.9808,0.9763,0.984,0.9819,0.9861
B_Acc,V,0.9667,0.9667,0.9792,0.9814,0.9811,0.9767,0.9842,0.9819,0.9861
,Dataset,Delta,MSE,BCE,AccAim,F1Aim,F.5Aim,F2Aim,GAim,BAim
Acc,D,0.9915,0.991,0.9925,0.992,0.989,0.992,0.989,0.989,0.988
F1,S,0.956,0.9531,0.9626,0.9602,0.946,0.9595,0.9462,0.9471,0.9426
F.5,73,0.9696,0.9684,0.9621,0.9583,0.9391,0.9659,0.9331,0.9292,0.9222
F2,C,0.9432,0.9389,0.9638,0.9628,0.954,0.9536,0.9601,0.9663,0.9645
Gmean,S,0.9655,0.9629,0.9799,0.9797,0.9757,0.9728,0.9803,0.9848,0.9843
B_Acc,V,0.9664,0.9639,0.9803,0.98,0.9761,0.9733,0.9806,0.985,0.9844
,Dataset,Delta,MSE,BCE,AccAim,F1Aim,F.5Aim,F2Aim,GAim,BAim
Acc,D,0.986,0.9865,0.992,0.9935,0.993,0.9935,0.9925,0.994,0.992
F1,S,0.9267,0.9297,0.9605,0.9678,0.9651,0.967,0.9634,0.9707,0.9615
F.5,74,0.9484,0.9499,0.9552,0.9639,0.9626,0.9716,0.9544,0.9629,0.9488
F2,C,0.9071,0.9114,0.9661,0.972,0.9679,0.9627,0.9731,0.9791,0.9752
Gmean,S,0.9437,0.9464,0.982,0.9851,0.9825,0.9783,0.9868,0.9899,0.9888
B_Acc,V,0.9456,0.9481,0.9822,0.9853,0.9828,0.9786,0.9869,0.99,0.9889
,Dataset,Delta,MSE,BCE,AccAim,F1Aim,F.5Aim,F2Aim,GAim,BAim
Acc,D,0.903,0.903,0.908,0.9075,0.9075,0.909,0.8075,0.876,0.881
F1,S,0.7986,0.7981,0.813,0.8056,0.8181,0.8038,0.7197,0.7829,0.7893
F.5,75,0.8793,0.88,0.8795,0.8947,0.8666,0.9101,0.6497,0.7734,0.7858
F2,C,0.7325,0.7312,0.7574,0.7337,0.7765,0.7209,0.8084,0.7937,0.7942
Gmean,S,0.8257,0.8249,0.8411,0.8275,0.8519,0.8204,0.8274,0.851,0.853
B_Acc,V,0.8393,0.8388,0.8521,0.8419,0.8599,0.8375,0.8303,0.8533,0.8557
,Dataset,Delta,MSE,BCE,AccAim,F1Aim,F.5Aim,F2Aim,GAim,BAim
Acc,D,0.9435,0.9355,0.9395,0.9405,0.941,0.9395,0.9475,0.944,0.9465
F1,S,0.8022,0.7667,0.7766,0.7952,0.7979,0.756,0.8281,0.8189,0.8261
F.5,76,0.7646,0.7437,0.7622,0.7511,0.7523,0.7783,0.7653,0.753,0.7614
F2,C,0.8451,0.7928,0.7927,0.8461,0.8515,0.736,0.903,0.8985,0.904
Gmean,S,0.914,0.8796,0.8783,0.9157,0.9193,0.8377,0.9534,0.9514,0.9545
B_Acc,V,0.9153,0.8831,0.8822,0.9169,0.9205,0.8478,0.9535,0.9515,0.9546
,Dataset,Delta,MSE,BCE,AccAim,F1Aim,F.5Aim,F2Aim,GAim,BAim
Acc,D,0.8701,0.8686,0.931,0.938,0.934,0.9255,0.9035,0.922,0.934
F1,S,0.6337,0.6278,0.838,0.8579,0.8544,0.8232,0.8175,0.8444,0.8642
F.5,77,0.7972,0.7932,0.9055,0.912,0.8868,0.8978,0.7769,0.8252,0.8605
F2,C,0.5277,0.5215,0.7807,0.8105,0.825,0.7606,0.8628,0.8649,0.8683
Gmean,S,0.685,0.6804,0.859,0.8783,0.8862,0.8459,0.9007,0.9068,0.9115
B_Acc,V,0.7353,0.7322,0.8682,0.8847,0.8906,0.8568,0.901,0.9074,0.9125
,Dataset,Delta,MSE,BCE,AccAim,F1Aim,F.5Aim,F2Aim,GAim,BAim
Acc,D,0.8563,0.8535,0.8535,0.8554,0.7781,0.8492,0.6392,0.7089,0.6809
F1,S,0.2643,0.2435,0.2813,0.2985,0.4438,0.3935,0.4202,0.4466,0.4348
F.5,78,0.3962,0.3708,0.3922,0.4229,0.3929,0.4616,0.3233,0.3598,0.3431
F2,C,0.1995,0.1823,0.2208,0.2321,0.5116,0.3502,0.6007,0.5896,0.5944
Gmean,S,0.4004,0.3829,0.42,0.437,0.6806,0.5484,0.7115,0.7253,0.7213
B_Acc,V,0.5766,0.5686,0.5838,0.5886,0.6936,0.6367,0.7229,0.7265,0.7251
,Dataset,Delta,MSE,BCE,AccAim,F1Aim,F.5Aim,F2Aim,GAim,BAim
Acc,D,0.776,0.776,0.776,0.776,0.7483,0.776,0.323,0.7506,0.776
F1,S,0.5819,0.5819,0.5819,0.5819,0.5878,0.5819,0.4883,0.5971,0.5819
F.5,79,0.6645,0.6645,0.6645,0.6645,0.6136,0.6645,0.3736,0.6152,0.6645
F2,C,0.5185,0.5185,0.5185,0.5185,0.5672,0.5185,0.7047,0.5808,0.5185
Gmean,S,0.6645,0.6645,0.6645,0.6645,0.6815,0.6645,0,0.6902,0.6645
B_Acc,V,0.6996,0.6996,0.6996,0.6996,0.6978,0.6996,0.5,0.7036,0.6996
,Dataset,Delta,MSE,BCE,AccAim,F1Aim,F.5Aim,F2Aim,GAim,BAim
Acc,D,0.9853,0.9727,0.9887,0.9957,0.9965,0.9957,0.9965,0.9965,0.9926
F1,S,0.9466,0.8957,0.9596,0.9844,0.9877,0.9844,0.9877,0.9877,0.9745
F.5,80,0.9595,0.9399,0.9673,0.9883,0.9897,0.9901,0.9897,0.9897,0.9687
F2,C,0.9347,0.8568,0.9527,0.9809,0.9859,0.9791,0.9859,0.9859,0.9806
Gmean,S,0.9601,0.9102,0.9714,0.9884,0.9916,0.9871,0.9916,0.9916,0.9893
B_Acc,V,0.9611,0.9146,0.972,0.9886,0.9917,0.9874,0.9917,0.9917,0.9894
,Dataset,Delta,MSE,BCE,AccAim,F1Aim,F.5Aim,F2Aim,GAim,BAim
Acc,D,0.9888,0.9888,0.9834,0.988,0.9875,0.988,0.978,0.9742,0.9805
F1,S,0.9673,0.9672,0.9516,0.9649,0.9637,0.9648,0.9378,0.9286,0.9447
F.5,81,0.985,0.9852,0.9699,0.9827,0.9809,0.9841,0.9407,0.9251,0.9502
F2,C,0.9504,0.9504,0.9344,0.948,0.9476,0.9466,0.9358,0.9334,0.94
Gmean,S,0.9689,0.9689,0.959,0.9674,0.9672,0.9665,0.9604,0.9591,0.9629
B_Acc,V,0.9696,0.9696,0.96,0.9682,0.9679,0.9673,0.9612,0.9598,0.9636
,Dataset,Delta,MSE,BCE,AccAim,F1Aim,F.5Aim,F2Aim,GAim,BAim
Acc,D,0.993,0.993,0.993,0.993,0.993,0.993,0.9946,0.9942,0.9942
F1,S,0.9859,0.9859,0.9859,0.9859,0.9859,0.9859,0.9894,0.9885,0.9885
F.5,83,0.9943,0.9943,0.9943,0.9943,0.9943,0.9943,0.9928,0.9925,0.9925
F2,C,0.9778,0.9778,0.9778,0.9778,0.9778,0.9778,0.986,0.9847,0.9847
Gmean,S,0.9861,0.9861,0.9861,0.9861,0.9861,0.9861,0.991,0.9902,0.9902
B_Acc,V,0.9863,0.9863,0.9863,0.9863,0.9863,0.9863,0.9911,0.9903,0.9903
,Dataset,Delta,MSE,BCE,AccAim,F1Aim,F.5Aim,F2Aim,GAim,BAim
Acc,D,0.9369,0.9369,0.9428,0.9369,0.9231,0.9337,0.8709,0.8354,0.8121
F1,S,0,0,0.2967,0,0.4049,0.3331,0.411,0.3871,0.3618
F.5,85,0,0,0.4453,0,0.4027,0.3927,0.3285,0.2945,0.2703
F2,C,0,0,0.2247,0,0.4115,0.2909,0.55,0.5654,0.5481
Gmean,S,0,0,0.4268,0,0.6296,0.498,0.7905,0.8265,0.8229
B_Acc,V,0.5,0.5,0.5935,0.5,0.6879,0.6236,0.7971,0.8277,0.824
,Dataset,Delta,MSE,BCE,AccAim,F1Aim,F.5Aim,F2Aim,GAim,BAim
Acc,D,0.9304,0.9304,0.9285,0.9307,0.904,0.9275,0.8344,0.7921,0.7709
F1,S,0,0,0.1093,0,0.4217,0.3803,0.3898,0.35,0.3325
F.5,86,0,0,0.1862,0,0.383,0.4265,0.3014,0.2624,0.2452
F2,C,0,0,0.07799,0,0.4709,0.345,0.5526,0.527,0.5169
Gmean,S,0,0,0.2112,0,0.6862,0.5534,0.8005,0.7949,0.7935
B_Acc,V,0.4998,0.4998,0.5292,0.5,0.7226,0.6489,0.8038,0.7962,0.7953
,Dataset,Delta,MSE,BCE,AccAim,F1Aim,F.5Aim,F2Aim,GAim,BAim
Acc,D,0.9268,0.9265,0.9465,0.9478,0.9816,0.9629,0.9826,0.9681,0.971
F1,S,0.2247,0.2242,0.5397,0.5702,0.8885,0.7318,0.9007,0.8418,0.8485
F.5,87,0.3975,0.3942,0.719,0.7266,0.8954,0.8325,0.8766,0.7741,0.7909
F2,C,0.1576,0.1575,0.4337,0.4711,0.883,0.6548,0.927,0.9249,0.9165
Gmean,S,0.3516,0.3515,0.6152,0.6458,0.9332,0.7794,0.9655,0.9789,0.9699
B_Acc,V,0.5652,0.5651,0.6907,0.709,0.9354,0.8037,0.9659,0.979,0.9701
,Dataset,Delta,MSE,BCE,AccAim,F1Aim,F.5Aim,F2Aim,GAim,BAim
Acc,D,0.9696,0.9696,0.978,0.9899,0.9914,0.9748,0.9499,0.9696,0.959
F1,S,0.9377,0.9377,0.9555,0.9788,0.9817,0.9441,0.9042,0.9396,0.9202
F.5,88,0.9297,0.9297,0.9426,0.9823,0.9877,0.9767,0.8633,0.917,0.888
F2,C,0.9459,0.9459,0.969,0.9754,0.976,0.9139,0.9495,0.9636,0.9553
Gmean,S,0.9633,0.9633,0.9781,0.9841,0.9847,0.9458,0.9607,0.9733,0.9662
B_Acc,V,0.9635,0.9635,0.9781,0.9842,0.9848,0.9475,0.9611,0.9733,0.9664
,Dataset,Delta,MSE,BCE,AccAim,F1Aim,F.5Aim,F2Aim,GAim,BAim
Acc,D,0.8033,0.8033,0.8064,0.8116,0.7756,0.8136,0.6028,0.7622,0.7584
F1,S,0.4746,0.4746,0.5139,0.5301,0.6124,0.5437,0.5404,0.6114,0.6076
F.5,89,0.5888,0.5888,0.6007,0.617,0.5637,0.6232,0.4307,0.5491,0.5443
F2,C,0.3982,0.3982,0.4499,0.4656,0.6705,0.4831,0.7254,0.6899,0.688
Gmean,S,0.5832,0.5832,0.622,0.6341,0.7542,0.6468,0.6792,0.7593,0.7568
B_Acc,V,0.6547,0.6547,0.6755,0.684,0.7556,0.6917,0.716,0.7597,0.7572
,Dataset,Delta,MSE,BCE,AccAim,F1Aim,F.5Aim,F2Aim,GAim,BAim
Acc,D,0.8887,0.8887,0.8883,0.8905,0.8485,0.8779,0.7666,0.7669,0.7602
F1,S,0.1922,0.1922,0.2663,0.2671,0.4701,0.4063,0.4414,0.4407,0.4421
F.5,90,0.3229,0.3229,0.3849,0.3949,0.4209,0.4361,0.3482,0.3482,0.3462
F2,C,0.1371,0.1371,0.2041,0.2026,0.5336,0.3824,0.6035,0.6013,0.6119
Gmean,S,0.3361,0.3361,0.4148,0.4119,0.7178,0.586,0.7802,0.7783,0.7864
B_Acc,V,0.5524,0.5524,0.5788,0.5792,0.735,0.6565,0.7813,0.7797,0.7877
,Dataset,Delta,MSE,BCE,AccAim,F1Aim,F.5Aim,F2Aim,GAim,BAim
Acc,D,0.7503,0.7496,0.8318,0.8503,0.8522,0.8392,0.7344,0.8487,0.854
F1,S,0.5994,0.5985,0.758,0.7925,0.8075,0.765,0.7324,0.806,0.8081
F.5,91,0.7128,0.7115,0.8239,0.8384,0.8213,0.8405,0.6521,0.8121,0.8262
F2,C,0.5175,0.5168,0.7023,0.7518,0.7947,0.7021,0.8352,0.8005,0.7912
Gmean,S,0.6639,0.6632,0.7919,0.8222,0.8387,0.7958,0.7512,0.8384,0.8387
B_Acc,V,0.702,0.7014,0.8034,0.8287,0.8407,0.8089,0.7672,0.8397,0.8411
,Dataset,Delta,MSE,BCE,AccAim,F1Aim,F.5Aim,F2Aim,GAim,BAim
Acc,D,0.9996,0.9998,1,1,1,1,1,1,1
F1,S,0.9988,0.9994,1,1,1,1,1,1,1
F.5,92,0.9995,0.9998,1,1,1,1,1,1,1
F2,C,0.998,0.999,1,1,1,1,1,1,1
Gmean,S,0.9988,0.9994,1,1,1,1,1,1,1
B_Acc,V,0.9988,0.9994,1,1,1,1,1,1,1
,Dataset,Delta,MSE,BCE,AccAim,F1Aim,F.5Aim,F2Aim,GAim,BAim
Acc,D,0.8502,0.8506,0.8512,0.8544,0.849,0.8364,0.817,0.8466,0.8438
F1,S,0.7987,0.7993,0.7869,0.8056,0.8061,0.7549,0.784,0.805,0.8053
F.5,93,0.7581,0.7585,0.7729,0.7617,0.748,0.7615,0.6999,0.7434,0.7368
F2,C,0.8441,0.8451,0.8017,0.8551,0.8743,0.7487,0.8911,0.8778,0.888
Gmean,S,0.8564,0.857,0.841,0.8629,0.8658,0.8109,0.8479,0.8654,0.8665
B_Acc,V,0.8569,0.8575,0.8416,0.8635,0.868,0.814,0.8569,0.868,0.8705
,Dataset,Delta,MSE,BCE,AccAim,F1Aim,F.5Aim,F2Aim,GAim,BAim
Acc,D,0.8654,0.8654,0.8662,0.908,0.8834,0.909,0.7456,0.7612,0.7552
F1,S,0.184,0.184,0.2998,0.5368,0.6097,0.5648,0.4745,0.4833,0.479
F.5,94,0.317,0.317,0.4194,0.7179,0.594,0.726,0.38,0.3924,0.387
F2,C,0.1302,0.1302,0.2346,0.4295,0.6286,0.4702,0.6319,0.6295,0.6287
Gmean,S,0.3224,0.3224,0.4435,0.6132,0.7695,0.6447,0.7719,0.7722,0.771
B_Acc,V,0.5495,0.5495,0.5901,0.6871,0.7833,0.7073,0.7733,0.773,0.7718
,Dataset,Delta,MSE,BCE,AccAim,F1Aim,F.5Aim,F2Aim,GAim,BAim
Acc,D,0.7494,0.7493,0.7496,0.7794,0.7766,0.78,0.6406,0.7728,0.7729
F1,S,0.5155,0.5153,0.5208,0.6355,0.6651,0.6395,0.6119,0.6643,0.6652
F.5,95,0.5605,0.5602,0.562,0.6246,0.6213,0.6257,0.5018,0.616,0.6164
F2,C,0.4775,0.4774,0.4855,0.6473,0.716,0.6544,0.7839,0.7214,0.7228
Gmean,S,0.6293,0.6292,0.6345,0.7377,0.7698,0.7415,0.6985,0.7703,0.771
B_Acc,V,0.6634,0.6633,0.6663,0.7433,0.7703,0.7464,0.7354,0.7706,0.7713
,Dataset,Delta,MSE,BCE,AccAim,F1Aim,F.5Aim,F2Aim,GAim,BAim
Acc,D,0.9377,0.9333,0.9476,0.9465,0.9578,0.9485,0.9315,0.9209,0.9172
F1,S,0.5773,0.5301,0.6953,0.6886,0.7781,0.6942,0.7126,0.7014,0.6796
F.5,96,0.7508,0.7184,0.7842,0.7766,0.8151,0.7962,0.6576,0.6184,0.6048
F2,C,0.4696,0.4205,0.625,0.6191,0.7451,0.616,0.7779,0.8108,0.7759
Gmean,S,0.6446,0.6061,0.7606,0.7567,0.8443,0.7533,0.884,0.9139,0.8898
B_Acc,V,0.7074,0.6836,0.7873,0.7843,0.8547,0.7822,0.8859,0.914,0.8906
,Dataset,Delta,MSE,BCE,AccAim,F1Aim,F.5Aim,F2Aim,GAim,BAim
Acc,D,0.9792,0.9788,0.9875,0.9895,0.9893,0.9879,0.9836,0.9792,0.9779
F1,S,0.8885,0.8857,0.9369,0.9463,0.9465,0.937,0.923,0.9045,0.8997
F.5,97,0.9364,0.9382,0.9524,0.9671,0.9579,0.9694,0.9028,0.8722,0.8634
F2,C,0.8459,0.8393,0.922,0.9267,0.9354,0.907,0.9445,0.9397,0.9396
Gmean,S,0.9039,0.8993,0.9532,0.9551,0.9616,0.9419,0.9729,0.9728,0.9737
B_Acc,V,0.9086,0.9045,0.9543,0.9561,0.9623,0.9436,0.973,0.9729,0.9737
,Dataset,Delta,MSE,BCE,AccAim,F1Aim,F.5Aim,F2Aim,GAim,BAim
Acc,D,0.5367,1,1,1,1,1,1,1,1
F1,S,0.1899,1,1,1,1,1,1,1,1
F.5,98,0.1487,1,1,1,1,1,1,1,1
F2,C,0.2626,1,1,1,1,1,1,1,1
Gmean,S,0.4474,1,1,1,1,1,1,1,1
B_Acc,V,0.4616,1,1,1,1,1,1,1,1
,Dataset,Delta,MSE,BCE,AccAim,F1Aim,F.5Aim,F2Aim,GAim,BAim
Acc,D,0.5368,1,0.9994,1,1,1,1,1,1
F1,S,0.1912,1,0.9981,1,1,1,1,1,1
F.5,99,0.1497,1,0.9969,1,1,1,1,1,1
F2,C,0.2647,1,0.9992,1,1,1,1,1,1
Gmean,S,0.4492,1,0.9996,1,1,1,1,1,1
B_Acc,V,0.4629,1,0.9996,1,1,1,1,1,1
,Dataset,Delta,MSE,BCE,AccAim,F1Aim,F.5Aim,F2Aim,GAim,BAim
Acc,D,0.8895,0.8895,0.8891,0.8895,0.6547,0.8241,0.5128,0.6281,0.5151
F1,S,0,0,0.005,0,0.3183,0.2802,0.3063,0.3149,0.3067
F.5,100,0,0,0.01163,0,0.2379,0.2649,0.2171,0.2323,0.2175
F2,C,0,0,0.003185,0,0.4809,0.2984,0.5201,0.4887,0.5201
Gmean,S,0,0,0.01601,0,0.6858,0.5244,0.6657,0.6864,0.6669
B_Acc,V,0.5,0.5,0.5009,0.5,0.6875,0.6001,0.7143,0.6917,0.7145
,Dataset,Delta,MSE,BCE,AccAim,F1Aim,F.5Aim,F2Aim,GAim,BAim
Acc,D,0.9312,0.9312,0.9314,0.9315,0.7901,0.922,0.661,0.6627,0.632
F1,S,0,0,0.02137,0,0.2268,0.1689,0.2262,0.2267,0.2189
F.5,101,0,0,0.0488,0,0.1756,0.235,0.1602,0.1606,0.1536
F2,C,0,0,0.01369,0,0.3223,0.1322,0.3849,0.3851,0.3809
Gmean,S,0,0,0.07341,0,0.6029,0.3321,0.6885,0.6886,0.6843
B_Acc,V,0.4999,0.4999,0.5051,0.5,0.6339,0.5484,0.69,0.6901,0.688
,Dataset,Delta,MSE,BCE,AccAim,F1Aim,F.5Aim,F2Aim,GAim,BAim
Acc,D,0.8939,0.8955,0.9108,0.9122,0.9127,0.9005,0.8745,0.9011,0.9
F1,S,0.7981,0.8006,0.8453,0.8484,0.8554,0.8099,0.8196,0.8459,0.845
F.5,102,0.8769,0.8814,0.8702,0.8711,0.8566,0.8918,0.7604,0.8178,0.8148
F2,C,0.7324,0.7335,0.8219,0.8271,0.8542,0.742,0.889,0.8761,0.8775
Gmean,S,0.825,0.8261,0.8781,0.8813,0.8949,0.8323,0.8923,0.9001,0.9002
B_Acc,V,0.8374,0.8387,0.8814,0.8843,0.8959,0.8445,0.8937,0.9001,0.9002
,Dataset,Delta,MSE,BCE,AccAim,F1Aim,F.5Aim,F2Aim,GAim,BAim
Acc,D,0.9138,0.9131,0.9247,0.9286,0.9285,0.9188,0.8899,0.9204,0.9149
F1,S,0.8409,0.8393,0.8718,0.8771,0.8797,0.8493,0.8386,0.8738,0.8661
F.5,103,0.9037,0.9031,0.8875,0.8986,0.889,0.9159,0.7852,0.8533,0.8422
F2,C,0.7863,0.7839,0.8567,0.8568,0.8706,0.7919,0.8998,0.8953,0.8914
Gmean,S,0.8608,0.8593,0.9009,0.9024,0.9092,0.8654,0.9048,0.9175,0.9133
B_Acc,V,0.8685,0.8671,0.9027,0.9046,0.9104,0.8732,0.9058,0.9176,0.9133
,Dataset,Delta,MSE,BCE,AccAim,F1Aim,F.5Aim,F2Aim,GAim,BAim
Acc,D,0.8131,0.8131,0.8193,0.8174,0.8039,0.8077,0.7283,0.7953,0.7965
F1,S,0.6422,0.6424,0.6796,0.6883,0.7142,0.6361,0.6793,0.715,0.7183
F.5,104,0.7233,0.7232,0.7231,0.7141,0.6758,0.7105,0.5855,0.6612,0.6625
F2,C,0.5776,0.578,0.6413,0.6645,0.7573,0.5761,0.8088,0.7785,0.7845
Gmean,S,0.7113,0.7115,0.7496,0.7614,0.7996,0.7086,0.7694,0.8036,0.8066
B_Acc,V,0.7384,0.7385,0.764,0.7712,0.7999,0.7347,0.7829,0.8042,0.8074
,Dataset,Delta,MSE,BCE,AccAim,F1Aim,F.5Aim,F2Aim,GAim,BAim
Acc,D,0.9468,0.9452,0.9618,0.9638,0.9629,0.9571,0.9427,0.9428,0.9365
F1,S,0.8091,0.802,0.8779,0.8846,0.8844,0.852,0.8452,0.8463,0.8323
F.5,105,0.8959,0.8925,0.8962,0.9027,0.8901,0.9172,0.7872,0.7865,0.7664
F2,C,0.7378,0.7284,0.8605,0.8673,0.879,0.7956,0.9127,0.9161,0.9109
Gmean,S,0.8326,0.8264,0.9139,0.9181,0.9261,0.8706,0.9512,0.9535,0.9506
B_Acc,V,0.846,0.8408,0.9165,0.9204,0.9276,0.8785,0.9513,0.9536,0.9508
