,Dataset,Delta,BCE,AccAim,F1Aim,F.5Aim,F2Aim,GAim,BAim
Acc,D,0.696,0.692,0.716,0.648,0.688,0.664,0.724,0.688
F1,S,0.5996,0.6421,0.6415,0.6767,0.6296,0.6702,0.6929,0.6889
F.5,1,0.5793,0.5918,0.603,0.572,0.5799,0.5772,0.6224,0.5959
F2,C,0.6295,0.7087,0.6914,0.8323,0.6967,0.8039,0.7857,0.8204
Gmean,S,0.6736,0.6965,0.7105,0.6316,0.6893,0.6794,0.7409,0.7094
B_Acc,V,0.6872,0.7083,0.7198,0.7226,0.7028,0.7229,0.7552,0.7441
,Dataset,Delta,BCE,AccAim,F1Aim,F.5Aim,F2Aim,GAim,BAim
Acc,D,0.84,0.832,0.856,0.384,0.848,0.852,0.848,0.796
F1,S,0.7692,0.7663,0.7916,0.5546,0.7781,0.7881,0.7813,0.7331
F.5,2,0.8137,0.7913,0.84,0.4379,0.8317,0.8267,0.8239,0.7481
F2,C,0.7351,0.7475,0.7512,0.7566,0.7336,0.7562,0.7471,0.7268
Gmean,S,0.8049,0.8059,0.8221,0,0.8107,0.8215,0.815,0.7722
B_Acc,V,0.8156,0.8135,0.8312,0.5,0.8212,0.8297,0.8245,0.7818
,Dataset,Delta,BCE,AccAim,F1Aim,F.5Aim,F2Aim,GAim,BAim
Acc,D,0.7649,0.7681,0.7452,0.7027,0.7285,0.5495,0.5715,0.6201
F1,S,0.3583,0.4014,0.3637,0.5138,0.4562,0.4832,0.5175,0.477
F.5,3,0.4813,0.5068,0.4357,0.4811,0.4803,0.4041,0.4261,0.4206
F2,C,0.2918,0.3404,0.3191,0.5621,0.4473,0.615,0.6721,0.5642
Gmean,S,0.4801,0.5226,0.4775,0.6564,0.5961,0.5788,0.6133,0.6086
B_Acc,V,0.604,0.6221,0.6018,0.6724,0.639,0.6211,0.6636,0.6321
,Dataset,Delta,BCE,AccAim,F1Aim,F.5Aim,F2Aim,GAim,BAim
Acc,D,0.8516,0.8742,0.829,0.8129,0.8645,0.8129,0.8161,0.8194
F1,S,0.7659,0.8012,0.6843,0.7717,0.7578,0.7693,0.7755,0.7745
F.5,4,0.7759,0.807,0.6918,0.7475,0.825,0.6929,0.6982,0.6993
F2,C,0.7609,0.7994,0.6852,0.8087,0.7075,0.8671,0.8751,0.87
Gmean,S,0.8218,0.85,0.7353,0.7711,0.799,0.8404,0.8447,0.8464
B_Acc,V,0.8276,0.8548,0.7926,0.8226,0.8162,0.8488,0.8538,0.8536
,Dataset,Delta,BCE,AccAim,F1Aim,F.5Aim,F2Aim,GAim,BAim
Acc,D,0.6937,0.675,0.6875,0.5,0.6312,0.5031,0.5188,0.5156
F1,S,0.3088,0.3084,0.2753,0.5549,0.4102,0.5534,0.5279,0.5531
F.5,5,0.446,0.4266,0.3951,0.448,0.4325,0.4476,0.436,0.4501
F2,C,0.2377,0.2439,0.2136,0.7298,0.4128,0.7255,0.6698,0.7179
Gmean,S,0.432,0.4355,0.3862,0.5014,0.5153,0.5121,0.5378,0.5346
B_Acc,V,0.5724,0.5599,0.5624,0.6054,0.5807,0.6057,0.5911,0.6103
,Dataset,Delta,BCE,AccAim,F1Aim,F.5Aim,F2Aim,GAim,BAim
Acc,D,0.8747,0.8839,0.884,0.8748,0.8598,0.8478,0.8352,0.8718
F1,S,0.1762,0.2986,0.3325,0.6049,0.4302,0.4967,0.4337,0.5433
F.5,6,0.2123,0.3956,0.3878,0.549,0.4698,0.4882,0.4715,0.5205
F2,C,0.1522,0.2533,0.3056,0.6811,0.4034,0.5233,0.4335,0.5844
Gmean,S,0.2301,0.3885,0.3985,0.8095,0.5592,0.679,0.6265,0.7297
B_Acc,V,0.5613,0.607,0.6317,0.8209,0.6585,0.7219,0.6737,0.7653
,Dataset,Delta,BCE,AccAim,F1Aim,F.5Aim,F2Aim,GAim,BAim
Acc,D,0.6892,0.6923,0.7318,0.7323,0.7075,0.6253,0.6679,0.5706
F1,S,0.3486,0.341,0.4251,0.6768,0.4706,0.4788,0.4796,0.5147
F.5,7,0.4143,0.3944,0.5019,0.6243,0.516,0.4564,0.4951,0.4413
F2,C,0.3056,0.3013,0.374,0.7497,0.4417,0.5134,0.4743,0.6237
Gmean,S,0.462,0.4336,0.5214,0.7056,0.5826,0.5885,0.5872,0.5899
B_Acc,V,0.5778,0.5784,0.6257,0.7577,0.6304,0.6042,0.6154,0.6155
,Dataset,Delta,BCE,AccAim,F1Aim,F.5Aim,F2Aim,GAim,BAim
Acc,D,0.8926,0.8865,0.8896,0.8925,0.8925,0.8596,0.8742,0.8984
F1,S,0.6275,0.6278,0.6267,0.7157,0.6628,0.663,0.6936,0.7359
F.5,8,0.6332,0.6172,0.6253,0.6287,0.6254,0.5662,0.5972,0.6465
F2,C,0.6296,0.6512,0.6417,0.8337,0.7126,0.8034,0.8304,0.8552
Gmean,S,0.7628,0.7797,0.7737,0.9092,0.8235,0.889,0.9074,0.9226
B_Acc,V,0.7861,0.799,0.7951,0.9124,0.8355,0.893,0.9099,0.924
,Dataset,Delta,BCE,AccAim,F1Aim,F.5Aim,F2Aim,GAim,BAim
Acc,D,0.8361,0.8481,0.8573,0.8697,0.8485,0.8369,0.8063,0.8247
F1,S,0.598,0.622,0.6701,0.7598,0.6554,0.6678,0.5982,0.669
F.5,9,0.6676,0.7125,0.7375,0.7518,0.717,0.6737,0.6062,0.6506
F2,C,0.5461,0.5569,0.6221,0.781,0.6095,0.6664,0.5986,0.6991
Gmean,S,0.6876,0.7008,0.7454,0.8422,0.7368,0.7674,0.7149,0.7828
B_Acc,V,0.7276,0.7376,0.7693,0.8475,0.7591,0.7791,0.7368,0.7913
,Dataset,Delta,BCE,AccAim,F1Aim,F.5Aim,F2Aim,GAim,BAim
Acc,D,0.765,0.7682,0.7913,0.8284,0.7825,0.7739,0.7852,0.7684
F1,S,0.6445,0.647,0.7052,0.7817,0.6768,0.7174,0.6896,0.6904
F.5,10,0.6943,0.7021,0.7302,0.7781,0.7317,0.699,0.7273,0.694
F2,C,0.6083,0.6088,0.6857,0.791,0.6321,0.7399,0.6603,0.6925
Gmean,S,0.7083,0.7083,0.7584,0.8147,0.7321,0.768,0.7444,0.7458
B_Acc,V,0.7298,0.7327,0.7689,0.8217,0.7483,0.7708,0.7576,0.7542
,Dataset,Delta,BCE,AccAim,F1Aim,F.5Aim,F2Aim,GAim,BAim
Acc,D,0.9032,0.909,0.9147,0.9633,0.8861,0.8835,0.9433,0.9545
F1,S,0.8492,0.8605,0.871,0.9485,0.8117,0.8338,0.9171,0.9324
F.5,11,0.9099,0.9049,0.9148,0.9464,0.9036,0.8414,0.9412,0.9578
F2,C,0.7989,0.8231,0.833,0.9514,0.7399,0.8289,0.8957,0.9104
Gmean,S,0.8656,0.8787,0.8871,0.9605,0.8302,0.8682,0.9278,0.9398
B_Acc,V,0.8737,0.885,0.8919,0.9614,0.8455,0.8714,0.9302,0.9421
,Dataset,Delta,BCE,AccAim,F1Aim,F.5Aim,F2Aim,GAim,BAim
Acc,D,1,1,1,1,1,1,1,1
F1,S,1,1,1,1,1,1,1,1
F.5,12,1,1,1,1,1,1,1,1
F2,C,1,1,1,1,1,1,1,1
Gmean,S,1,1,1,1,1,1,1,1
B_Acc,V,1,1,1,1,1,1,1,1
,Dataset,Delta,BCE,AccAim,F1Aim,F.5Aim,F2Aim,GAim,BAim
Acc,D,0.8017,0.7853,0.788,0.651,0.758,0.6262,0.6704,0.6258
F1,S,0.3104,0.2817,0.2962,0.4854,0.3927,0.4472,0.5104,0.459
F.5,13,0.4432,0.3858,0.3918,0.4174,0.4456,0.3819,0.4406,0.3866
F2,C,0.2508,0.2265,0.2465,0.5874,0.3719,0.5482,0.6154,0.5689
Gmean,S,0.4178,0.3777,0.3958,0.6558,0.5329,0.617,0.6717,0.6359
B_Acc,V,0.6015,0.5825,0.5918,0.6644,0.6231,0.6355,0.6882,0.6458
,Dataset,Delta,BCE,AccAim,F1Aim,F.5Aim,F2Aim,GAim,BAim
Acc,D,0.9151,0.9151,0.9151,0.5017,0.7978,0.7239,0.8092,0.7402
F1,S,0,0,0,0.2237,0.2324,0.2405,0.2916,0.2264
F.5,14,0,0,0,0.1572,0.1974,0.1845,0.2923,0.1747
F2,C,0,0,0,0.39,0.2916,0.3503,0.319,0.3278
Gmean,S,0,0,0,0.6031,0.4805,0.6004,0.5236,0.5536
B_Acc,V,0.5,0.5,0.5,0.6368,0.6027,0.6298,0.609,0.6237
,Dataset,Delta,BCE,AccAim,F1Aim,F.5Aim,F2Aim,GAim,BAim
Acc,D,0.9055,0.9055,0.9082,0.9085,0.8924,0.9239,0.9348,0.9422
F1,S,0.4767,0.5306,0.5281,0.6678,0.4227,0.6126,0.8211,0.7944
F.5,15,0.5866,0.5993,0.6175,0.7289,0.5145,0.6589,0.7943,0.8253
F2,C,0.4035,0.4898,0.468,0.6371,0.3654,0.5841,0.862,0.7701
Gmean,S,0.5039,0.5928,0.5768,0.7606,0.4744,0.6575,0.9183,0.8564
B_Acc,V,0.6833,0.7256,0.7137,0.7918,0.6637,0.7773,0.9209,0.866
,Dataset,Delta,BCE,AccAim,F1Aim,F.5Aim,F2Aim,GAim,BAim
Acc,D,0.9082,0.9031,0.9082,0.9107,0.8931,0.893,0.9083,0.9082
F1,S,0.888,0.8786,0.8887,0.895,0.8541,0.8766,0.8911,0.8863
F.5,16,0.8525,0.8512,0.8466,0.8433,0.8591,0.8174,0.8443,0.8533
F2,C,0.9286,0.9091,0.9366,0.9547,0.851,0.9462,0.9453,0.9241
Gmean,S,0.9169,0.908,0.9189,0.9254,0.8822,0.9099,0.9214,0.9154
B_Acc,V,0.9187,0.9089,0.921,0.9287,0.8844,0.9145,0.9243,0.9172
,Dataset,Delta,BCE,AccAim,F1Aim,F.5Aim,F2Aim,GAim,BAim
Acc,D,0.81,0.8225,0.81,0.8225,0.8125,0.7275,0.795,0.81
F1,S,0.444,0.5045,0.472,0.6153,0.602,0.5798,0.5728,0.5804
F.5,17,0.5522,0.5731,0.5203,0.6284,0.5872,0.4951,0.5745,0.5926
F2,C,0.3833,0.4572,0.4437,0.6101,0.6283,0.7056,0.5794,0.5763
Gmean,S,0.5612,0.5983,0.5815,0.7322,0.7371,0.7545,0.7069,0.7077
B_Acc,V,0.6487,0.6844,0.6763,0.7475,0.7568,0.7651,0.7219,0.7276
,Dataset,Delta,BCE,AccAim,F1Aim,F.5Aim,F2Aim,GAim,BAim
Acc,D,0.9331,0.9379,0.933,0.921,0.9085,0.8766,0.874,0.9136
F1,S,0.24,0.3757,0.3424,0.5352,0.3844,0.3566,0.4213,0.4421
F.5,18,0.3312,0.4255,0.3792,0.5003,0.3955,0.3366,0.3697,0.481
F2,C,0.1896,0.3504,0.3235,0.5892,0.3962,0.3987,0.4973,0.4222
Gmean,S,0.2879,0.4373,0.4207,0.6937,0.549,0.5618,0.6441,0.5559
B_Acc,V,0.582,0.6641,0.6503,0.7928,0.6829,0.6809,0.7367,0.6857
,Dataset,Delta,BCE,AccAim,F1Aim,F.5Aim,F2Aim,GAim,BAim
Acc,D,0.8778,0.8778,0.8778,0.5289,0.7622,0.7,0.7733,0.7356
F1,S,0,0,0.03333,0.2998,0.2533,0.2468,0.2314,0.2557
F.5,19,0,0,0.05556,0.2199,0.2264,0.1994,0.2195,0.2231
F2,C,0,0,0.02381,0.4741,0.3033,0.3309,0.2552,0.3104
Gmean,S,0,0,0.04472,0.5727,0.4467,0.4756,0.4245,0.4676
B_Acc,V,0.5,0.5,0.5088,0.6414,0.5973,0.5917,0.5613,0.5822
,Dataset,Delta,BCE,AccAim,F1Aim,F.5Aim,F2Aim,GAim,BAim
Acc,D,0.9214,0.9258,0.9192,0.9345,0.917,0.893,0.8362,0.9105
F1,S,0.3705,0.3888,0.3756,0.6358,0.5087,0.4833,0.3483,0.5363
F.5,20,0.4768,0.4993,0.4672,0.6337,0.552,0.476,0.3049,0.5426
F2,C,0.3091,0.3282,0.3238,0.6486,0.4768,0.5047,0.4143,0.5407
Gmean,S,0.4644,0.4758,0.4768,0.7818,0.6599,0.6917,0.6279,0.7109
B_Acc,V,0.634,0.6452,0.6416,0.8132,0.712,0.7301,0.6788,0.7486
,Dataset,Delta,BCE,AccAim,F1Aim,F.5Aim,F2Aim,GAim,BAim
Acc,D,0.7208,0.7166,0.7361,0.6582,0.7189,0.5996,0.6821,0.6364
F1,S,0.5301,0.5127,0.5711,0.6292,0.5657,0.5961,0.602,0.6119
F.5,21,0.5789,0.5636,0.6095,0.5499,0.5853,0.5051,0.5555,0.5302
F2,C,0.4943,0.4795,0.5477,0.7381,0.5575,0.7284,0.6693,0.7258
Gmean,S,0.6259,0.6103,0.6595,0.6814,0.6569,0.6268,0.6753,0.6594
B_Acc,V,0.6631,0.6569,0.6893,0.7003,0.6807,0.66,0.6939,0.6821
,Dataset,Delta,BCE,AccAim,F1Aim,F.5Aim,F2Aim,GAim,BAim
Acc,D,0.8489,0.8489,0.8532,0.7191,0.8128,0.7149,0.6277,0.6021
F1,S,0.045,0.08444,0.1317,0.432,0.2518,0.3405,0.3274,0.3489
F.5,22,0.07177,0.1193,0.1981,0.3589,0.2899,0.297,0.2656,0.2697
F2,C,0.03337,0.06559,0.0995,0.5496,0.2343,0.4089,0.4391,0.4969
Gmean,S,0.07464,0.1062,0.2025,0.698,0.3951,0.5906,0.5978,0.6364
B_Acc,V,0.5105,0.5223,0.5366,0.7054,0.5718,0.6204,0.6104,0.6425
,Dataset,Delta,BCE,AccAim,F1Aim,F.5Aim,F2Aim,GAim,BAim
Acc,D,0.8653,0.8653,0.8653,0.8064,0.7752,0.7332,0.71,0.8699
F1,S,0,0,0,0.3919,0.4065,0.3601,0.273,0.5052
F.5,24,0,0,0,0.3641,0.3823,0.3192,0.2371,0.5632
F2,C,0,0,0,0.4303,0.4472,0.4273,0.3332,0.474
Gmean,S,0,0,0,0.6256,0.6132,0.5936,0.4987,0.6514
B_Acc,V,0.5,0.5,0.5,0.6615,0.6609,0.6425,0.583,0.698
,Dataset,Delta,BCE,AccAim,F1Aim,F.5Aim,F2Aim,GAim,BAim
Acc,D,0.8716,0.8716,0.8716,0.4599,0.7984,0.7754,0.7583,0.8151
F1,S,0,0,0,0.3147,0.3768,0.3748,0.3116,0.3899
F.5,25,0,0,0,0.2258,0.3539,0.3367,0.2721,0.3618
F2,C,0,0,0,0.5208,0.4169,0.4338,0.3836,0.4318
Gmean,S,0,0,0,0.5926,0.594,0.6156,0.5572,0.6174
B_Acc,V,0.5,0.5,0.5,0.6626,0.6572,0.6582,0.6345,0.6683
,Dataset,Delta,BCE,AccAim,F1Aim,F.5Aim,F2Aim,GAim,BAim
Acc,D,0.834,0.758,0.772,0.76,0.766,0.7,0.818,0.75
F1,S,0.7895,0.7149,0.6805,0.7226,0.6748,0.6705,0.7941,0.7055
F.5,26,0.8043,0.6896,0.7335,0.6961,0.7348,0.633,0.7485,0.6804
F2,C,0.7776,0.7467,0.638,0.7549,0.6283,0.7186,0.8474,0.734
Gmean,S,0.8202,0.7572,0.7294,0.7591,0.7212,0.6974,0.827,0.7501
B_Acc,V,0.8227,0.7618,0.744,0.7639,0.7366,0.7099,0.8307,0.7511
,Dataset,Delta,BCE,AccAim,F1Aim,F.5Aim,F2Aim,GAim,BAim
Acc,D,0.994,0.996,0.994,0.996,0.994,0.994,0.992,0.996
F1,S,0.9816,0.9875,0.9816,0.9875,0.979,0.9816,0.975,0.9875
F.5,27,0.979,0.9881,0.979,0.9875,0.991,0.9784,0.975,0.9875
F2,C,0.9849,0.9873,0.9849,0.9875,0.9687,0.9851,0.975,0.9875
Gmean,S,0.9911,0.9923,0.9911,0.9924,0.9801,0.9912,0.9848,0.9924
B_Acc,V,0.9914,0.9926,0.9914,0.9926,0.9812,0.9914,0.9851,0.9926
,Dataset,Delta,BCE,AccAim,F1Aim,F.5Aim,F2Aim,GAim,BAim
Acc,D,0.9068,0.8968,0.8889,0.8631,0.861,0.8451,0.8373,0.8511
F1,S,0,0.02857,0.2036,0.4512,0.3159,0.3966,0.395,0.4004
F.5,28,0,0.03846,0.2267,0.3913,0.2899,0.341,0.3324,0.3451
F2,C,0,0.02273,0.1879,0.5384,0.3541,0.4854,0.4933,0.488
Gmean,S,0,0.04422,0.2845,0.7249,0.5137,0.689,0.6981,0.6874
B_Acc,V,0.5,0.5033,0.5714,0.7567,0.6501,0.7265,0.7311,0.7298
,Dataset,Delta,BCE,AccAim,F1Aim,F.5Aim,F2Aim,GAim,BAim
Acc,D,0.8448,0.8545,0.843,0.7577,0.8353,0.8028,0.8068,0.8086
F1,S,0.5306,0.5647,0.5156,0.5945,0.549,0.6154,0.6276,0.6166
F.5,29,0.609,0.6193,0.5761,0.5518,0.5768,0.555,0.56,0.5643
F2,C,0.4796,0.5228,0.4739,0.6621,0.5339,0.6946,0.7188,0.6851
Gmean,S,0.6409,0.6467,0.6292,0.6966,0.6772,0.7842,0.7973,0.7794
B_Acc,V,0.7,0.7224,0.6975,0.753,0.7213,0.7881,0.8048,0.7846
,Dataset,Delta,BCE,AccAim,F1Aim,F.5Aim,F2Aim,GAim,BAim
Acc,D,0.9661,0.9661,0.9776,0.9775,0.9907,0.9737,0.9718,0.9887
F1,S,0.8347,0.824,0.834,0.9023,0.9527,0.8839,0.8797,0.9328
F.5,30,0.8476,0.8495,0.8622,0.8801,0.9569,0.8663,0.8637,0.9696
F2,C,0.8404,0.8162,0.812,0.9277,0.949,0.9059,0.9029,0.9033
Gmean,S,0.9067,0.8898,0.8447,0.9625,0.9693,0.9497,0.9486,0.938
B_Acc,V,0.9162,0.9017,0.8989,0.9639,0.9713,0.9512,0.9501,0.9433
,Dataset,Delta,BCE,AccAim,F1Aim,F.5Aim,F2Aim,GAim,BAim
Acc,D,0.9019,0.9,0.9111,0.9296,0.8963,0.8815,0.9019,0.9111
F1,S,0.04,0.313,0.359,0.6292,0.3969,0.426,0.4616,0.5119
F.5,31,0.0625,0.3098,0.4001,0.61,0.4284,0.3969,0.4561,0.5019
F2,C,0.02941,0.3233,0.3426,0.6738,0.4018,0.4806,0.4918,0.5446
Gmean,S,0.05,0.4623,0.4649,0.8135,0.5765,0.6546,0.6522,0.7165
B_Acc,V,0.5045,0.6443,0.6528,0.8372,0.6807,0.7264,0.7311,0.7617
,Dataset,Delta,BCE,AccAim,F1Aim,F.5Aim,F2Aim,GAim,BAim
Acc,D,0.8712,0.8677,0.8694,0.5619,0.8407,0.6691,0.6047,0.6226
F1,S,0.2133,0.1689,0.1911,0.3877,0.3178,0.4224,0.3967,0.4073
F.5,32,0.375,0.2917,0.3333,0.2946,0.4209,0.328,0.2973,0.3071
F2,C,0.1497,0.1194,0.1346,0.5726,0.2896,0.5954,0.5965,0.6056
Gmean,S,0.3321,0.2614,0.2967,0.5843,0.4597,0.726,0.7064,0.7179
B_Acc,V,0.5604,0.5479,0.5542,0.6923,0.6154,0.734,0.7277,0.7381
,Dataset,Delta,BCE,AccAim,F1Aim,F.5Aim,F2Aim,GAim,BAim
Acc,D,0.9324,0.936,0.9415,0.9681,0.9574,0.9574,0.9504,0.9538
F1,S,0.7722,0.7977,0.7514,0.888,0.8483,0.8579,0.8419,0.8453
F.5,33,0.8191,0.8221,0.8197,0.943,0.9168,0.9022,0.8862,0.8865
F2,C,0.7376,0.7815,0.7,0.8445,0.7945,0.824,0.8108,0.8132
Gmean,S,0.8321,0.8623,0.7715,0.9005,0.868,0.8886,0.8795,0.8816
B_Acc,V,0.8467,0.8713,0.834,0.9089,0.8801,0.8964,0.8882,0.8903
,Dataset,Delta,BCE,AccAim,F1Aim,F.5Aim,F2Aim,GAim,BAim
Acc,D,0.9719,0.9684,0.9825,0.9825,0.9613,0.9737,0.9719,0.9701
F1,S,0.9608,0.9559,0.9756,0.975,0.9425,0.9639,0.9617,0.9593
F.5,34,0.9751,0.9704,0.987,0.9864,0.9753,0.9686,0.9678,0.9667
F2,C,0.9473,0.9424,0.9647,0.9643,0.9136,0.9599,0.9563,0.9525
Gmean,S,0.9645,0.9606,0.9771,0.9768,0.9453,0.9699,0.9676,0.9653
B_Acc,V,0.9652,0.9614,0.9775,0.9774,0.9481,0.9704,0.9681,0.9657
,Dataset,Delta,BCE,AccAim,F1Aim,F.5Aim,F2Aim,GAim,BAim
Acc,D,0.7136,0.7222,0.7394,0.6484,0.6673,0.5952,0.6142,0.6432
F1,S,0.1314,0.1205,0.2881,0.5979,0.5546,0.5717,0.5819,0.5928
F.5,35,0.2244,0.2041,0.4108,0.4963,0.4869,0.4633,0.4748,0.4916
F2,C,0.09335,0.08639,0.226,0.7525,0.6449,0.7469,0.7517,0.7469
Gmean,S,0.2427,0.2015,0.4016,0.702,0.6816,0.6541,0.6725,0.6967
B_Acc,V,0.5236,0.528,0.5777,0.7265,0.6842,0.6983,0.7097,0.7211
,Dataset,Delta,BCE,AccAim,F1Aim,F.5Aim,F2Aim,GAim,BAim
Acc,D,0.9005,0.9073,0.9494,0.9647,0.9376,0.936,0.9394,0.9342
F1,S,0.844,0.8508,0.9204,0.9471,0.8989,0.9013,0.9055,0.8982
F.5,36,0.843,0.8625,0.922,0.9426,0.9116,0.895,0.9037,0.9
F2,C,0.848,0.8415,0.9203,0.9531,0.8891,0.9092,0.9081,0.8983
Gmean,S,0.8849,0.8856,0.9408,0.9626,0.921,0.9295,0.931,0.9239
B_Acc,V,0.8877,0.8886,0.942,0.9629,0.9236,0.9306,0.9316,0.925
,Dataset,Delta,BCE,AccAim,F1Aim,F.5Aim,F2Aim,GAim,BAim
Acc,D,1,1,1,1,1,1,1,1
F1,S,1,1,1,1,1,1,1,1
F.5,37,1,1,1,1,1,1,1,1
F2,C,1,1,1,1,1,1,1,1
Gmean,S,1,1,1,1,1,1,1,1
B_Acc,V,1,1,1,1,1,1,1,1
,Dataset,Delta,BCE,AccAim,F1Aim,F.5Aim,F2Aim,GAim,BAim
Acc,D,0.89,0.8933,0.8933,0.8917,0.8949,0.8589,0.8999,0.8655
F1,S,0.8472,0.8458,0.8433,0.8572,0.8332,0.8372,0.8771,0.8399
F.5,38,0.86,0.8804,0.8801,0.8446,0.9158,0.7723,0.8329,0.7893
F2,C,0.8364,0.816,0.8125,0.8726,0.7658,0.9156,0.9272,0.8999
Gmean,S,0.8752,0.8688,0.867,0.8889,0.8481,0.878,0.9117,0.879
B_Acc,V,0.8775,0.8732,0.8727,0.8904,0.8598,0.884,0.9136,0.8828
,Dataset,Delta,BCE,AccAim,F1Aim,F.5Aim,F2Aim,GAim,BAim
Acc,D,0.8035,0.7536,0.7521,0.7693,0.7552,0.7426,0.752,0.7723
F1,S,0.7011,0.6708,0.6634,0.7215,0.6751,0.6954,0.6906,0.7128
F.5,39,0.6835,0.6144,0.6127,0.6356,0.6182,0.6072,0.6163,0.6376
F2,C,0.7227,0.7409,0.7267,0.8359,0.7476,0.8161,0.7878,0.8096
Gmean,S,0.7811,0.762,0.7547,0.8034,0.7644,0.7772,0.7764,0.7976
B_Acc,V,0.7867,0.7654,0.7593,0.8139,0.7694,0.7914,0.7839,0.8044
,Dataset,Delta,BCE,AccAim,F1Aim,F.5Aim,F2Aim,GAim,BAim
Acc,D,0.962885,0.9769,0.9783,0.9861,0.9752,0.9768,0.9675,0.9799
F1,S,0.630476,0.7264,0.7248,0.8829,0.7562,0.7848,0.6862,0.8086
F.5,40,0.700323,0.7784,0.7909,0.8899,0.8071,0.8282,0.7541,0.8461
F2,C,0.591317,0.6877,0.681,0.885,0.7271,0.7553,0.6443,0.7934
Gmean,S,0.735831,0.761,0.7565,0.9377,0.8294,0.8457,0.7757,0.8743
B_Acc,V,0.780943,0.8317,0.8283,0.9417,0.8542,0.8667,0.8068,0.8917
,Dataset,Delta,BCE,AccAim,F1Aim,F.5Aim,F2Aim,GAim,BAim
Acc,D,0.9244,0.9123,0.9305,0.9396,0.935,0.9229,0.8291,0.9381
F1,S,0.1786,0.1445,0.3292,0.5811,0.4021,0.4116,0.4404,0.6168
F.5,41,0.2766,0.16,0.4249,0.622,0.4868,0.4515,0.3508,0.6364
F2,C,0.1326,0.1347,0.2733,0.555,0.3513,0.3918,0.6011,0.6113
Gmean,S,0.2363,0.219,0.4292,0.7141,0.492,0.5589,0.8174,0.7619
B_Acc,V,0.5534,0.5543,0.6176,0.7585,0.6568,0.6777,0.8247,0.7894
,Dataset,Delta,BCE,AccAim,F1Aim,F.5Aim,F2Aim,GAim,BAim
Acc,D,0.9721,0.9663,0.9736,0.9751,0.9648,0.9736,0.9648,0.9707
F1,S,0.961,0.9525,0.9635,0.9654,0.9496,0.9638,0.9513,0.9597
F.5,42,0.9559,0.9525,0.9523,0.9556,0.953,0.9506,0.9409,0.9493
F2,C,0.9666,0.9532,0.9752,0.9759,0.9469,0.9778,0.9626,0.9711
Gmean,S,0.9716,0.9632,0.9758,0.9768,0.9599,0.9767,0.9659,0.9725
B_Acc,V,0.9718,0.9634,0.9759,0.977,0.9603,0.9768,0.9662,0.9727
,Dataset,Delta,BCE,AccAim,F1Aim,F.5Aim,F2Aim,GAim,BAim
Acc,D,0.9206,0.9178,0.9277,0.9179,0.9292,0.9193,0.8797,0.915
F1,S,0.2838,0.3198,0.3874,0.4875,0.4746,0.5235,0.3945,0.4627
F.5,43,0.3698,0.3907,0.4585,0.4832,0.5367,0.5328,0.414,0.4825
F2,C,0.2348,0.2791,0.3457,0.4962,0.4391,0.5214,0.4083,0.4559
Gmean,S,0.3707,0.439,0.4695,0.6406,0.5923,0.6871,0.6144,0.634
B_Acc,V,0.5998,0.6196,0.6553,0.7307,0.7003,0.7402,0.6821,0.7076
,Dataset,Delta,BCE,AccAim,F1Aim,F.5Aim,F2Aim,GAim,BAim
Acc,D,0.8008,0.8048,0.2899,0.6779,0.2379,0.2379,0.5361,0.6386
F1,S,0.4237,0.4753,0.3457,0.5024,0.3844,0.3844,0.469,0.4949
F.5,44,0.5437,0.5647,0.2524,0.4542,0.2807,0.2807,0.3685,0.4221
F2,C,0.3496,0.413,0.5483,0.5728,0.6095,0.6095,0.646,0.6061
Gmean,S,0.5411,0.5906,0,0.612,0,0,0.6085,0.653
B_Acc,V,0.6332,0.6588,0.5,0.6688,0.5,0.5,0.6495,0.6695
,Dataset,Delta,BCE,AccAim,F1Aim,F.5Aim,F2Aim,GAim,BAim
Acc,D,0.7629,0.7708,0.7617,0.733,0.7682,0.7045,0.7487,0.7175
F1,S,0.6223,0.6405,0.6424,0.6828,0.6436,0.676,0.6979,0.6827
F.5,45,0.6723,0.6865,0.6682,0.6206,0.6796,0.5941,0.6462,0.6082
F2,C,0.582,0.6049,0.6221,0.7603,0.6156,0.786,0.764,0.7805
Gmean,S,0.6959,0.7104,0.7144,0.7489,0.7144,0.7299,0.7575,0.74
B_Acc,V,0.7155,0.7277,0.7267,0.7539,0.7293,0.7458,0.7651,0.7516
,Dataset,Delta,BCE,AccAim,F1Aim,F.5Aim,F2Aim,GAim,BAim
Acc,D,0.8055,0.8055,0.8055,0.3112,0.3587,0.2585,0.447,0.3163
F1,S,0,0,0,0.3383,0.3094,0.3353,0.3225,0.3243
F.5,46,0,0,0,0.2469,0.2288,0.2411,0.2482,0.2367
F2,C,0,0,0,0.5404,0.4824,0.5501,0.4653,0.5151
Gmean,S,0,0,0,0.3548,0.3996,0.2731,0.4427,0.3824
B_Acc,V,0.5,0.5,0.5,0.5372,0.5182,0.5251,0.5365,0.5185
,Dataset,Delta,BCE,AccAim,F1Aim,F.5Aim,F2Aim,GAim,BAim
Acc,D,0.803,0.7981,0.7548,0.7195,0.7438,0.6983,0.814,0.6464
F1,S,0.2522,0.207,0.4781,0.5347,0.5208,0.4818,0.3236,0.4992
F.5,47,0.4008,0.3414,0.4914,0.4764,0.48,0.4297,0.5203,0.4147
F2,C,0.1865,0.1506,0.4946,0.6169,0.5707,0.5525,0.2374,0.6292
Gmean,S,0.3427,0.2893,0.6348,0.703,0.6886,0.6624,0.4377,0.68
B_Acc,V,0.5773,0.5631,0.6712,0.7113,0.6974,0.6698,0.5994,0.6879
,Dataset,Delta,BCE,AccAim,F1Aim,F.5Aim,F2Aim,GAim,BAim
Acc,D,0.9953,0.9976,0.9988,0.9988,0.9988,0.9988,0.9976,0.9988
F1,S,0.9939,0.9969,0.9984,0.9984,0.9984,0.9985,0.9969,0.9985
F.5,48,0.9904,0.9951,0.9994,0.9994,0.9994,0.9976,0.9969,0.9976
F2,C,0.9975,0.9988,0.9975,0.9975,0.9975,0.9994,0.9969,0.9994
Gmean,S,0.9961,0.9981,0.9984,0.9984,0.9984,0.999,0.9975,0.999
B_Acc,V,0.9962,0.9981,0.9984,0.9984,0.9984,0.999,0.9975,0.999
,Dataset,Delta,BCE,AccAim,F1Aim,F.5Aim,F2Aim,GAim,BAim
Acc,D,0.968067,0.9846,0.9882,0.9894,0.987,0.9882,0.9858,0.9846
F1,S,0.938086,0.97,0.9771,0.9803,0.9746,0.9776,0.9732,0.9708
F.5,49,0.940119,0.9724,0.978,0.9751,0.9819,0.9732,0.9689,0.9676
F2,C,0.936511,0.9683,0.9768,0.9863,0.9677,0.9826,0.978,0.9744
Gmean,S,0.957107,0.9787,0.9842,0.9897,0.979,0.9874,0.9843,0.982
B_Acc,V,0.957514,0.979,0.9845,0.9898,0.9792,0.9875,0.9844,0.9822
,Dataset,Delta,BCE,AccAim,F1Aim,F.5Aim,F2Aim,GAim,BAim
Acc,D,0.7067,0.7244,0.7443,0.5877,0.7464,0.7151,0.7151,0.4854
F1,S,0.4526,0.506,0.5619,0.6075,0.5936,0.5933,0.584,0.5584
F.5,50,0.5419,0.5881,0.6322,0.5064,0.6372,0.5923,0.5932,0.4505
F2,C,0.3921,0.4471,0.5065,0.7603,0.5572,0.5963,0.578,0.7352
Gmean,S,0.5595,0.6032,0.6476,0.6089,0.6766,0.6806,0.6722,0.4725
B_Acc,V,0.6254,0.652,0.6812,0.6648,0.697,0.688,0.6826,0.5908
,Dataset,Delta,BCE,AccAim,F1Aim,F.5Aim,F2Aim,GAim,BAim
Acc,D,0.9302,0.9333,0.9343,0.9385,0.9333,0.9322,0.9374,0.9396
F1,S,0.9021,0.9064,0.9067,0.9168,0.9034,0.9057,0.9162,0.9194
F.5,51,0.9081,0.9159,0.9214,0.9074,0.9273,0.909,0.9019,0.9033
F2,C,0.8967,0.8981,0.8931,0.9267,0.8812,0.9032,0.9315,0.9364
Gmean,S,0.9215,0.9236,0.9224,0.9373,0.9172,0.9249,0.9382,0.9413
B_Acc,V,0.9222,0.9246,0.9235,0.9374,0.919,0.9256,0.9385,0.9415
,Dataset,Delta,BCE,AccAim,F1Aim,F.5Aim,F2Aim,GAim,BAim
Acc,D,0.9248,0.847,0.8767,0.8088,0.8684,0.8398,0.9025,0.8521
F1,S,0.8777,0.7563,0.7803,0.7272,0.7603,0.7654,0.843,0.8061
F.5,52,0.9205,0.7739,0.8667,0.7013,0.8633,0.7623,0.8946,0.7592
F2,C,0.8398,0.7449,0.7134,0.7583,0.6835,0.775,0.8019,0.8664
Gmean,S,0.8929,0.8117,0.8094,0.7988,0.7905,0.8208,0.864,0.8638
B_Acc,V,0.897,0.8202,0.8259,0.8022,0.8111,0.826,0.8713,0.8682
,Dataset,Delta,BCE,AccAim,F1Aim,F.5Aim,F2Aim,GAim,BAim
Acc,D,0.9919,0.9909,0.9859,0.9949,0.9879,0.9869,0.9859,0.9919
F1,S,0.9511,0.9496,0.8705,0.9731,0.9216,0.9238,0.928,0.9588
F.5,53,0.9662,0.9473,0.8816,0.971,0.9649,0.9352,0.9037,0.9439
F2,C,0.9395,0.9528,0.861,0.9757,0.8866,0.9153,0.9563,0.976
Gmean,S,0.963,0.9741,0.8762,0.987,0.9274,0.95,0.9816,0.9904
B_Acc,V,0.9656,0.975,0.9272,0.9872,0.9333,0.9528,0.9822,0.9906
,Dataset,Delta,BCE,AccAim,F1Aim,F.5Aim,F2Aim,GAim,BAim
Acc,D,0.749,0.763,0.764,0.661,0.758,0.661,0.72,0.64
F1,S,0.4627,0.5041,0.5679,0.5939,0.5724,0.5871,0.5959,0.5925
F.5,54,0.557,0.5869,0.6086,0.5117,0.5971,0.5083,0.5593,0.4994
F2,C,0.3972,0.4447,0.5369,0.7114,0.5519,0.6963,0.6429,0.7302
Gmean,S,0.5742,0.6076,0.6688,0.6932,0.6765,0.6915,0.7034,0.6831
B_Acc,V,0.6388,0.6631,0.6943,0.7074,0.6957,0.6998,0.7095,0.7048
,Dataset,Delta,BCE,AccAim,F1Aim,F.5Aim,F2Aim,GAim,BAim
Acc,D,0.744,0.749,0.76,0.631,0.738,0.701,0.743,0.705
F1,S,0.2965,0.3632,0.3967,0.4981,0.4213,0.4814,0.5085,0.5082
F.5,55,0.388,0.4375,0.4815,0.4246,0.4669,0.4678,0.5297,0.476
F2,C,0.2417,0.3115,0.3405,0.603,0.3883,0.5048,0.4976,0.5472
Gmean,S,0.4365,0.4951,0.5268,0.6516,0.5605,0.625,0.6325,0.657
B_Acc,V,0.5721,0.5979,0.6141,0.654,0.6187,0.6456,0.6639,0.6641
,Dataset,Delta,BCE,AccAim,F1Aim,F.5Aim,F2Aim,GAim,BAim
Acc,D,0.8878,0.8783,0.8888,0.8697,0.8793,0.8563,0.7612,0.7853
F1,S,0.3189,0.2946,0.39,0.5213,0.4682,0.5057,0.4456,0.463
F.5,56,0.4316,0.3509,0.447,0.4936,0.4978,0.468,0.3564,0.3766
F2,C,0.2581,0.2612,0.3503,0.5577,0.445,0.5546,0.5972,0.6037
Gmean,S,0.4419,0.4329,0.5197,0.7253,0.6337,0.7265,0.766,0.7699
B_Acc,V,0.6047,0.6055,0.6478,0.7484,0.6866,0.7441,0.7688,0.7752
,Dataset,Delta,BCE,AccAim,F1Aim,F.5Aim,F2Aim,GAim,BAim
Acc,D,0.8683,0.8692,0.8939,0.8797,0.891,0.8796,0.8816,0.8778
F1,S,0.8002,0.8005,0.8373,0.8286,0.8245,0.8333,0.8326,0.8265
F.5,57,0.8095,0.8118,0.8489,0.811,0.8584,0.8032,0.8111,0.8069
F2,C,0.7929,0.7912,0.828,0.8481,0.7968,0.8675,0.8574,0.8486
Gmean,S,0.8453,0.845,0.8731,0.8745,0.8572,0.8817,0.8787,0.8735
B_Acc,V,0.8488,0.8487,0.8764,0.8754,0.864,0.8828,0.8801,0.8745
,Dataset,Delta,BCE,AccAim,F1Aim,F.5Aim,F2Aim,GAim,BAim
Acc,D,0.8265,0.8368,0.8321,0.7055,0.8152,0.7815,0.5965,0.7346
F1,S,0.009524,0.312,0.3528,0.4422,0.4457,0.4676,0.397,0.464
F.5,58,0.01667,0.4055,0.4109,0.3758,0.4564,0.4294,0.3104,0.3976
F2,C,0.006667,0.2565,0.3121,0.5445,0.4446,0.5171,0.5557,0.5629
Gmean,S,0.0233,0.4404,0.488,0.6755,0.6187,0.6764,0.6493,0.7
B_Acc,V,0.5005,0.5958,0.6172,0.6867,0.6696,0.693,0.6652,0.7064
,Dataset,Delta,BCE,AccAim,F1Aim,F.5Aim,F2Aim,GAim,BAim
Acc,D,0.9888,0.9842,0.9851,0.987,0.9693,0.9767,0.9222,0.9897
F1,S,0.9824,0.9749,0.9767,0.9797,0.9499,0.965,0.9333,0.9842
F.5,59,0.9877,0.9829,0.9787,0.9832,0.9793,0.9485,0.9162,0.9818
F2,C,0.9773,0.9674,0.975,0.9763,0.9225,0.9823,0.9608,0.9867
Gmean,S,0.9848,0.9782,0.982,0.9835,0.9512,0.9811,0.8909,0.9893
B_Acc,V,0.985,0.9786,0.9822,0.9836,0.9526,0.9812,0.9409,0.9894
,Dataset,Delta,BCE,AccAim,F1Aim,F.5Aim,F2Aim,GAim,BAim
Acc,D,0.8987,0.8756,0.897,0.8227,0.871,0.8246,0.7326,0.7809
F1,S,0.3866,0,0.422,0.485,0.4365,0.4662,0.4171,0.4638
F.5,60,0.4813,0,0.5201,0.4156,0.4741,0.4125,0.3281,0.3765
F2,C,0.3332,0,0.3592,0.5845,0.4136,0.5422,0.5742,0.605
Gmean,S,0.4351,0,0.5325,0.7511,0.6112,0.7208,0.7462,0.7704
B_Acc,V,0.6069,0.5,0.6529,0.7614,0.671,0.7346,0.7492,0.7726
,Dataset,Delta,BCE,AccAim,F1Aim,F.5Aim,F2Aim,GAim,BAim
Acc,D,0.9431,0.9306,0.936,0.8756,0.9315,0.9026,0.7953,0.8567
F1,S,0.3003,0,0.2786,0.3176,0.3011,0.32,0.3366,0.382
F.5,61,0.4058,0,0.382,0.2825,0.4028,0.3181,0.258,0.3123
F2,C,0.2506,0,0.2234,0.3731,0.2476,0.331,0.4887,0.4981
Gmean,S,0.3013,0,0.3867,0.6144,0.4555,0.5548,0.7513,0.7382
B_Acc,V,0.5708,0.5,0.5947,0.6705,0.6038,0.6447,0.7579,0.7544
,Dataset,Delta,BCE,AccAim,F1Aim,F.5Aim,F2Aim,GAim,BAim
Acc,D,0.9256,0.9247,0.9273,0.9334,0.917,0.897,0.8996,0.9065
F1,S,0.8199,0.8185,0.8285,0.8515,0.7907,0.801,0.8109,0.8192
F.5,62,0.8545,0.8535,0.8497,0.8465,0.8499,0.7453,0.7436,0.7608
F2,C,0.7911,0.7882,0.8113,0.8582,0.7408,0.8684,0.8938,0.8896
Gmean,S,0.8644,0.8627,0.8771,0.9067,0.8323,0.9053,0.9203,0.9196
B_Acc,V,0.8716,0.8694,0.8825,0.9085,0.8436,0.9062,0.9216,0.9205
,Dataset,Delta,BCE,AccAim,F1Aim,F.5Aim,F2Aim,GAim,BAim
Acc,D,0.95,0.9462,0.9538,0.9417,0.9523,0.9333,0.8962,0.9197
F1,S,0.6688,0.6419,0.7098,0.6874,0.689,0.6541,0.5944,0.6364
F.5,63,0.771,0.7463,0.785,0.6938,0.7839,0.645,0.5258,0.5888
F2,C,0.5959,0.5694,0.6529,0.6859,0.6183,0.6669,0.6933,0.6949
Gmean,S,0.7379,0.7197,0.7787,0.8134,0.7527,0.8032,0.8429,0.8327
B_Acc,V,0.7739,0.7603,0.8051,0.8277,0.7855,0.8187,0.8481,0.8402
,Dataset,Delta,BCE,AccAim,F1Aim,F.5Aim,F2Aim,GAim,BAim
Acc,D,1,1,1,1,1,1,1,1
F1,S,1,1,1,1,1,1,1,1
F.5,64,1,1,1,1,1,1,1,1
F2,C,1,1,1,1,1,1,1,1
Gmean,S,1,1,1,1,1,1,1,1
B_Acc,V,1,1,1,1,1,1,1,1
,Dataset,Delta,BCE,AccAim,F1Aim,F.5Aim,F2Aim,GAim,BAim
Acc,D,0.915,0.917,0.917,0.9129,0.9157,0.8807,0.8546,0.8848
F1,S,0.5325,0.5877,0.588,0.6511,0.5833,0.6016,0.5928,0.6267
F.5,65,0.668,0.663,0.6685,0.6455,0.6637,0.5546,0.5089,0.573
F2,C,0.4471,0.5343,0.5313,0.6631,0.5257,0.6643,0.717,0.6995
Gmean,S,0.6263,0.6934,0.6919,0.7917,0.6881,0.8038,0.8472,0.8289
B_Acc,V,0.6954,0.7399,0.738,0.8103,0.7347,0.8115,0.8494,0.833
,Dataset,Delta,BCE,AccAim,F1Aim,F.5Aim,F2Aim,GAim,BAim
Acc,D,0.9021,0.8976,0.8983,0.8625,0.8829,0.8369,0.7947,0.8414
F1,S,0.2454,0,0.2434,0.4905,0.3981,0.3958,0.4431,0.4344
F.5,66,0.3434,0,0.3309,0.4342,0.4184,0.3484,0.3522,0.3859
F2,C,0.1926,0,0.1966,0.5675,0.3856,0.4624,0.5991,0.5051
Gmean,S,0.3588,0,0.3787,0.7488,0.5925,0.6707,0.7898,0.7048
B_Acc,V,0.5772,0.5,0.5779,0.7628,0.6607,0.6987,0.7915,0.7234
,Dataset,Delta,BCE,AccAim,F1Aim,F.5Aim,F2Aim,GAim,BAim
Acc,D,0.7326,0.7459,0.8496,0.7048,0.8536,0.8287,0.842,0.8513
F1,S,0.5159,0.5945,0.7193,0.659,0.7868,0.7796,0.7927,0.8007
F.5,67,0.5455,0.5799,0.6873,0.5575,0.7465,0.6941,0.7087,0.7197
F2,C,0.4912,0.612,0.7561,0.8068,0.8354,0.8915,0.9007,0.9032
Gmean,S,0.632,0.7041,0.7802,0.7537,0.8574,0.8653,0.8776,0.8846
B_Acc,V,0.6595,0.7115,0.8309,0.7749,0.8596,0.8743,0.885,0.8905
,Dataset,Delta,BCE,AccAim,F1Aim,F.5Aim,F2Aim,GAim,BAim
Acc,D,0.9722,0.967,0.9691,0.9696,0.9686,0.9681,0.9696,0.9727
F1,S,0.9606,0.9525,0.957,0.9588,0.956,0.9556,0.9578,0.9622
F.5,68,0.9535,0.9539,0.9403,0.9423,0.9419,0.9382,0.94,0.9444
F2,C,0.9681,0.9514,0.9745,0.9767,0.9706,0.9739,0.9766,0.981
Gmean,S,0.9724,0.963,0.9731,0.9739,0.9713,0.9723,0.9742,0.9775
B_Acc,V,0.9725,0.9633,0.9732,0.9743,0.9714,0.9724,0.9743,0.9777
,Dataset,Delta,BCE,AccAim,F1Aim,F.5Aim,F2Aim,GAim,BAim
Acc,D,0.9985,0.9985,0.9885,0.9985,0.9985,0.9985,0.998,0.9985
F1,S,0.9923,0.9923,0.8923,0.9923,0.9923,0.9923,0.9899,0.9923
F.5,69,0.9969,0.9969,0.8969,0.9969,0.9969,0.9969,0.993,0.9969
F2,C,0.9879,0.9879,0.8879,0.9879,0.9879,0.9879,0.9869,0.9879
Gmean,S,0.9924,0.9924,0.8924,0.9924,0.9924,0.9924,0.9921,0.9924
B_Acc,V,0.9925,0.9925,0.9425,0.9925,0.9925,0.9925,0.9922,0.9925
,Dataset,Delta,BCE,AccAim,F1Aim,F.5Aim,F2Aim,GAim,BAim
Acc,D,0.9995,1,0.99,1,1,0.9995,0.9995,1
F1,S,0.9974,1,0.9,1,1,0.9976,0.9976,1
F.5,70,0.999,1,0.9,1,1,0.9962,0.9962,1
F2,C,0.996,1,0.9,1,1,0.999,0.999,1
Gmean,S,0.9975,1,0.9,1,1,0.9997,0.9997,1
B_Acc,V,0.9975,1,0.95,1,1,0.9997,0.9997,1
,Dataset,Delta,BCE,AccAim,F1Aim,F.5Aim,F2Aim,GAim,BAim
Acc,D,0.9985,0.9985,1,1,0.9995,0.9995,1,1
F1,S,0.9922,0.9927,1,1,0.9974,0.9974,1,1
F.5,71,0.9968,0.9916,1,1,0.999,0.999,1,1
F2,C,0.9878,0.994,1,1,0.996,0.996,1,1
Gmean,S,0.9923,0.9969,1,1,0.9975,0.9975,1,1
B_Acc,V,0.9925,0.9969,1,1,0.9975,0.9975,1,1
,Dataset,Delta,BCE,AccAim,F1Aim,F.5Aim,F2Aim,GAim,BAim
Acc,D,0.9925,0.9975,0.999,0.999,0.999,0.999,0.9975,0.998
F1,S,0.9619,0.9874,0.9949,0.995,0.9949,0.9949,0.9877,0.99
F.5,72,0.9666,0.9891,0.9979,0.9951,0.9979,0.9979,0.9866,0.9901
F2,C,0.9576,0.9859,0.9919,0.995,0.9919,0.9919,0.989,0.99
Gmean,S,0.9753,0.9919,0.9949,0.9972,0.9949,0.9949,0.9941,0.9944
B_Acc,V,0.9758,0.9919,0.995,0.9972,0.995,0.995,0.9942,0.9944
,Dataset,Delta,BCE,AccAim,F1Aim,F.5Aim,F2Aim,GAim,BAim
Acc,D,0.9915,0.9935,0.9985,0.9985,0.998,0.997,0.997,0.996
F1,S,0.9576,0.9674,0.9927,0.9927,0.99,0.9852,0.985,0.9801
F.5,73,0.9541,0.9664,0.9916,0.9916,0.9901,0.9825,0.9854,0.9809
F2,C,0.9618,0.9688,0.994,0.994,0.99,0.9881,0.9849,0.9798
Gmean,S,0.9794,0.9828,0.9969,0.9969,0.9944,0.9938,0.9915,0.9886
B_Acc,V,0.9797,0.9831,0.9969,0.9969,0.9944,0.9939,0.9917,0.9889
,Dataset,Delta,BCE,AccAim,F1Aim,F.5Aim,F2Aim,GAim,BAim
Acc,D,0.9965,0.9975,0.9985,0.999,0.9985,0.999,0.9995,0.9985
F1,S,0.9825,0.9879,0.9926,0.995,0.9924,0.995,0.9974,0.9927
F.5,74,0.9817,0.9872,0.9912,0.9951,0.994,0.9951,0.999,0.9916
F2,C,0.9839,0.989,0.994,0.995,0.991,0.995,0.996,0.994
Gmean,S,0.9912,0.9941,0.9969,0.9972,0.9947,0.9972,0.9975,0.9969
B_Acc,V,0.9914,0.9942,0.9969,0.9972,0.9947,0.9972,0.9975,0.9969
,Dataset,Delta,BCE,AccAim,F1Aim,F.5Aim,F2Aim,GAim,BAim
Acc,D,0.917,0.908,0.931,0.9175,0.9235,0.9205,0.9185,0.905
F1,S,0.837,0.8239,0.8647,0.8453,0.8466,0.8495,0.8471,0.8318
F.5,75,0.8891,0.861,0.9161,0.8706,0.912,0.8815,0.8743,0.8326
F2,C,0.7916,0.7912,0.8198,0.8227,0.7904,0.821,0.8224,0.8325
Gmean,S,0.8633,0.8603,0.883,0.8804,0.8646,0.8804,0.8806,0.8813
B_Acc,V,0.8703,0.8663,0.8888,0.8843,0.8727,0.8848,0.8845,0.8833
,Dataset,Delta,BCE,AccAim,F1Aim,F.5Aim,F2Aim,GAim,BAim
Acc,D,0.9707,0.959,0.98,0.9865,0.9665,0.971,0.979,0.9715
F1,S,0.8959,0.8392,0.9247,0.9498,0.8703,0.8895,0.9205,0.8928
F.5,76,0.8877,0.8467,0.9198,0.9462,0.874,0.8846,0.9152,0.8827
F2,C,0.9058,0.8339,0.9304,0.9542,0.8672,0.8954,0.9265,0.9038
Gmean,S,0.9237,0.9006,0.96,0.974,0.9209,0.9393,0.9578,0.9449
B_Acc,V,0.926,0.9049,0.9607,0.9742,0.9235,0.9408,0.9585,0.946
,Dataset,Delta,BCE,AccAim,F1Aim,F.5Aim,F2Aim,GAim,BAim
Acc,D,0.9525,0.953,0.9471,0.9665,0.957,0.9605,0.978,0.9785
F1,S,0.8934,0.8959,0.8384,0.9288,0.9035,0.9245,0.9562,0.9563
F.5,77,0.9405,0.9337,0.8563,0.9418,0.9466,0.8943,0.9353,0.9458
F2,C,0.8512,0.8614,0.8214,0.9165,0.8644,0.9576,0.9783,0.9673
Gmean,S,0.9051,0.9112,0.8495,0.9458,0.9137,0.9675,0.9833,0.9772
B_Acc,V,0.9092,0.9145,0.9006,0.9468,0.9172,0.9677,0.9834,0.9773
,Dataset,Delta,BCE,AccAim,F1Aim,F.5Aim,F2Aim,GAim,BAim
Acc,D,0.8559,0.8592,0.853,0.7501,0.8483,0.6918,0.625,0.6757
F1,S,0.2779,0.2979,0.2942,0.4629,0.4287,0.4175,0.4191,0.4288
F.5,78,0.4032,0.4236,0.412,0.3886,0.4782,0.3376,0.32,0.3375
F2,C,0.2129,0.2319,0.231,0.5772,0.3918,0.5505,0.608,0.5888
Gmean,S,0.412,0.4312,0.4368,0.7232,0.5849,0.6933,0.71,0.7163
B_Acc,V,0.5815,0.5909,0.5872,0.7279,0.6537,0.6979,0.7256,0.7207
,Dataset,Delta,BCE,AccAim,F1Aim,F.5Aim,F2Aim,GAim,BAim
Acc,D,0.7692,0.771,0.776,0.7506,0.776,0.4183,0.5334,0.323
F1,S,0.5611,0.5668,0.5819,0.5971,0.5819,0.5064,0.5384,0.4883
F.5,79,0.6508,0.6547,0.6645,0.6152,0.6645,0.412,0.443,0.3736
F2,C,0.4943,0.501,0.5185,0.5808,0.5185,0.6762,0.6866,0.7047
Gmean,S,0.6473,0.652,0.6645,0.6902,0.6645,0.1926,0.5695,0
B_Acc,V,0.6879,0.6911,0.6996,0.7036,0.6996,0.5441,0.6138,0.5
,Dataset,Delta,BCE,AccAim,F1Aim,F.5Aim,F2Aim,GAim,BAim
Acc,D,0.9965,0.997,0.9835,0.9978,0.997,0.9974,0.9974,0.9974
F1,S,0.9878,0.9892,0.8922,0.9923,0.9891,0.9907,0.9911,0.9911
F.5,80,0.9898,0.9921,0.8968,0.9951,0.9956,0.9945,0.9859,0.9859
F2,C,0.9859,0.9865,0.8877,0.9896,0.9828,0.9871,0.9964,0.9964
Gmean,S,0.9916,0.9918,0.8923,0.9936,0.9892,0.9921,0.9985,0.9985
B_Acc,V,0.9917,0.9919,0.9424,0.9937,0.9894,0.9922,0.9985,0.9985
,Dataset,Delta,BCE,AccAim,F1Aim,F.5Aim,F2Aim,GAim,BAim
Acc,D,0.9888,0.9863,0.9934,0.9967,0.9913,0.99,0.9909,0.99
F1,S,0.9673,0.9599,0.9808,0.9906,0.975,0.9718,0.974,0.9712
F.5,81,0.9836,0.9763,0.9922,0.9962,0.9855,0.9789,0.9823,0.984
F2,C,0.9518,0.9447,0.9699,0.9851,0.9648,0.965,0.9659,0.959
Gmean,S,0.9698,0.9653,0.9811,0.9906,0.978,0.9782,0.9788,0.9744
B_Acc,V,0.9705,0.9663,0.9814,0.9907,0.9784,0.9785,0.979,0.9749
,Dataset,Delta,BCE,AccAim,F1Aim,F.5Aim,F2Aim,GAim,BAim
Acc,D,0.9963,0.9967,0.9983,0.9988,0.9979,0.9979,0.9971,0.9979
F1,S,0.9926,0.9935,0.9967,0.9976,0.9959,0.9959,0.9943,0.9959
F.5,83,0.9961,0.9955,0.9987,0.999,0.9984,0.9984,0.9977,0.9974
F2,C,0.9893,0.9916,0.9948,0.9961,0.9935,0.9935,0.9909,0.9945
Gmean,S,0.9932,0.9946,0.9968,0.9976,0.996,0.996,0.9943,0.9965
B_Acc,V,0.9933,0.9946,0.9968,0.9976,0.996,0.996,0.9943,0.9965
,Dataset,Delta,BCE,AccAim,F1Aim,F.5Aim,F2Aim,GAim,BAim
Acc,D,0.9404,0.9361,0.9558,0.9542,0.9554,0.9452,0.8923,0.9372
F1,S,0.2454,0.4231,0.5568,0.6712,0.5783,0.5934,0.4675,0.5815
F.5,85,0.3592,0.4343,0.603,0.6443,0.644,0.5765,0.3924,0.5392
F2,C,0.1877,0.4156,0.5237,0.7072,0.5314,0.6143,0.5927,0.6357
Gmean,S,0.3697,0.5952,0.6637,0.8424,0.6976,0.7794,0.8113,0.8051
B_Acc,V,0.5777,0.6919,0.7462,0.8532,0.746,0.7988,0.8201,0.8179
,Dataset,Delta,BCE,AccAim,F1Aim,F.5Aim,F2Aim,GAim,BAim
Acc,D,0.9307,0.9339,0.9356,0.9095,0.9272,0.8737,0.7612,0.8695
F1,S,0.1032,0.2118,0.289,0.4671,0.3845,0.4326,0.3226,0.4219
F.5,86,0.1813,0.3208,0.4079,0.4233,0.4342,0.3551,0.2367,0.3451
F2,C,0.07288,0.1584,0.2271,0.5239,0.3487,0.5555,0.5067,0.5448
Gmean,S,0.1988,0.3217,0.4147,0.7286,0.5603,0.7805,0.7867,0.7739
B_Acc,V,0.5283,0.5646,0.5949,0.7533,0.6508,0.7881,0.7882,0.7814
,Dataset,Delta,BCE,AccAim,F1Aim,F.5Aim,F2Aim,GAim,BAim
Acc,D,0.98,0.9765,0.9865,0.9807,0.9836,0.9794,0.9774,0.9868
F1,S,0.8707,0.8372,0.9162,0.8764,0.8954,0.8884,0.8788,0.9238
F.5,87,0.9071,0.8902,0.9292,0.8836,0.9277,0.8463,0.8323,0.9013
F2,C,0.8398,0.7953,0.9054,0.8731,0.8667,0.9366,0.9322,0.9478
Gmean,S,0.9027,0.8714,0.9449,0.9256,0.919,0.9762,0.9751,0.9765
B_Acc,V,0.908,0.8833,0.9469,0.9316,0.9225,0.9764,0.9752,0.9768
,Dataset,Delta,BCE,AccAim,F1Aim,F.5Aim,F2Aim,GAim,BAim
Acc,D,0.9859,0.9889,0.2396,0.9911,0.2396,0.2396,0.9869,0.9914
F1,S,0.971,0.9769,0.3866,0.9813,0.3866,0.3866,0.9728,0.9818
F.5,88,0.9699,0.9781,0.2826,0.9864,0.2826,0.2826,0.9715,0.9877
F2,C,0.9722,0.9759,0.6118,0.9764,0.6118,0.6118,0.9742,0.976
Gmean,S,0.9815,0.9841,0,0.9849,0,0,0.9828,0.9847
B_Acc,V,0.9816,0.9842,0.5,0.985,0.5,0.5,0.9829,0.9848
,Dataset,Delta,BCE,AccAim,F1Aim,F.5Aim,F2Aim,GAim,BAim
Acc,D,0.8181,0.8219,0.8049,0.787,0.8123,0.7405,0.7331,0.7577
F1,S,0.5639,0.5922,0.4906,0.6297,0.5659,0.598,0.61,0.6219
F.5,89,0.6355,0.6442,0.5533,0.5819,0.6192,0.5264,0.5246,0.5484
F2,C,0.5076,0.549,0.4419,0.6867,0.5226,0.6935,0.7293,0.7197
Gmean,S,0.6647,0.6932,0.5866,0.7667,0.6734,0.7515,0.7649,0.7715
B_Acc,V,0.7035,0.722,0.6742,0.7683,0.7069,0.7529,0.7688,0.7737
,Dataset,Delta,BCE,AccAim,F1Aim,F.5Aim,F2Aim,GAim,BAim
Acc,D,0.8868,0.8921,0.8938,0.862,0.896,0.8379,0.733,0.8113
F1,S,0.2498,0.3719,0.4048,0.5224,0.4849,0.4947,0.4277,0.4729
F.5,90,0.358,0.4384,0.4837,0.4668,0.5299,0.4243,0.3284,0.3922
F2,C,0.1939,0.3236,0.3495,0.594,0.4478,0.594,0.6133,0.599
Gmean,S,0.3979,0.5059,0.5498,0.7618,0.6369,0.7668,0.786,0.7737
B_Acc,V,0.5747,0.6338,0.6447,0.7719,0.6918,0.7723,0.7899,0.7773
,Dataset,Delta,BCE,AccAim,F1Aim,F.5Aim,F2Aim,GAim,BAim
Acc,D,0.8503,0.8503,0.8574,0.8542,0.8581,0.7692,0.8179,0.8483
F1,S,0.7949,0.7966,0.8141,0.8159,0.8046,0.7586,0.7945,0.8115
F.5,91,0.8335,0.832,0.8287,0.8141,0.8465,0.6873,0.7452,0.8024
F2,C,0.7603,0.7645,0.8005,0.8183,0.7674,0.8471,0.851,0.8214
Gmean,S,0.8253,0.827,0.8439,0.8474,0.8325,0.785,0.8285,0.8443
B_Acc,V,0.8308,0.8318,0.846,0.8483,0.8383,0.7954,0.8311,0.8449
,Dataset,Delta,BCE,AccAim,F1Aim,F.5Aim,F2Aim,GAim,BAim
Acc,D,1,1,1,1,1,1,1,1
F1,S,1,1,1,1,1,1,1,1
F.5,92,1,1,1,1,1,1,1,1
F2,C,1,1,1,1,1,1,1,1
Gmean,S,1,1,1,1,1,1,1,1
B_Acc,V,1,1,1,1,1,1,1,1
,Dataset,Delta,BCE,AccAim,F1Aim,F.5Aim,F2Aim,GAim,BAim
Acc,D,0.8694,0.8974,0.8968,0.8864,0.895,0.8616,0.873,0.8596
F1,S,0.8152,0.8433,0.8437,0.8411,0.8306,0.8221,0.8304,0.8178
F.5,93,0.7956,0.8613,0.8567,0.8165,0.8783,0.7629,0.7864,0.7626
F2,C,0.837,0.8264,0.8316,0.8676,0.7882,0.8914,0.88,0.882
Gmean,S,0.8645,0.8751,0.877,0.8862,0.8565,0.8796,0.8829,0.8751
B_Acc,V,0.8654,0.8774,0.879,0.8864,0.8626,0.8818,0.8837,0.877
,Dataset,Delta,BCE,AccAim,F1Aim,F.5Aim,F2Aim,GAim,BAim
Acc,D,0.9058,0.9,0.9126,0.889,0.9118,0.8812,0.8666,0.89
F1,S,0.5324,0.4807,0.5903,0.6222,0.5763,0.6099,0.5937,0.6269
F.5,94,0.6709,0.6267,0.7304,0.6092,0.7316,0.5858,0.5687,0.6129
F2,C,0.4461,0.3905,0.4959,0.6363,0.4763,0.6367,0.6286,0.6423
Gmean,S,0.6184,0.5548,0.6646,0.7744,0.6497,0.7757,0.7692,0.7785
B_Acc,V,0.6959,0.6691,0.7187,0.7877,0.7094,0.7873,0.7819,0.7912
,Dataset,Delta,BCE,AccAim,F1Aim,F.5Aim,F2Aim,GAim,BAim
Acc,D,0.7774,0.7894,0.8101,0.7863,0.8083,0.7672,0.7618,0.7754
F1,S,0.6229,0.6386,0.6843,0.6979,0.6713,0.6941,0.6897,0.6966
F.5,95,0.6214,0.641,0.6745,0.6354,0.6729,0.6107,0.6048,0.622
F2,C,0.6256,0.6369,0.6951,0.7754,0.6705,0.804,0.8026,0.7923
Gmean,S,0.7252,0.7359,0.7745,0.7996,0.7609,0.8002,0.7963,0.8002
B_Acc,V,0.7337,0.7446,0.7788,0.8016,0.768,0.8058,0.8025,0.804
,Dataset,Delta,BCE,AccAim,F1Aim,F.5Aim,F2Aim,GAim,BAim
Acc,D,0.9569,0.9543,0.9664,0.9598,0.9647,0.9545,0.9269,0.9443
F1,S,0.7491,0.7396,0.819,0.7892,0.8057,0.7845,0.7178,0.7605
F.5,96,0.8437,0.8187,0.8703,0.8209,0.8718,0.7747,0.6411,0.7126
F2,C,0.6741,0.6757,0.7737,0.7614,0.7493,0.7955,0.8172,0.817
Gmean,S,0.792,0.7945,0.8598,0.8543,0.843,0.8835,0.9154,0.9057
B_Acc,V,0.813,0.8148,0.8689,0.8645,0.8546,0.8876,0.9158,0.9073
,Dataset,Delta,BCE,AccAim,F1Aim,F.5Aim,F2Aim,GAim,BAim
Acc,D,0.9902,0.9941,0.9956,0.9972,0.9948,0.9948,0.9927,0.994
F1,S,0.9511,0.9708,0.978,0.9859,0.9742,0.9746,0.9653,0.9702
F.5,97,0.9611,0.9766,0.9817,0.988,0.9832,0.9783,0.9632,0.9693
F2,C,0.9415,0.9651,0.9744,0.9838,0.9655,0.9709,0.968,0.9712
Gmean,S,0.9653,0.9794,0.985,0.9906,0.9791,0.983,0.9826,0.9841
B_Acc,V,0.9659,0.9796,0.9851,0.9906,0.9793,0.9832,0.9827,0.9842
,Dataset,Delta,BCE,AccAim,F1Aim,F.5Aim,F2Aim,GAim,BAim
Acc,D,0.9983,1,1,1,1,1,1,1
F1,S,0.9949,1,1,1,1,1,1,1
F.5,98,0.9921,1,1,1,1,1,1,1
F2,C,0.9979,1,1,1,1,1,1,1
Gmean,S,0.999,1,1,1,1,1,1,1
B_Acc,V,0.999,1,1,1,1,1,1,1
,Dataset,Delta,BCE,AccAim,F1Aim,F.5Aim,F2Aim,GAim,BAim
Acc,D,1,1,1,1,1,1,1,1
F1,S,1,1,1,1,1,1,1,1
F.5,99,1,1,1,1,1,1,1,1
F2,C,1,1,1,1,1,1,1,1
Gmean,S,1,1,1,1,1,1,1,1
B_Acc,V,1,1,1,1,1,1,1,1
,Dataset,Delta,BCE,AccAim,F1Aim,F.5Aim,F2Aim,GAim,BAim
Acc,D,0.8895,0.8895,0.8901,0.6957,0.7766,0.697,0.5653,0.6744
F1,S,0,0,0.01753,0.3505,0.3166,0.3364,0.3124,0.3418
F.5,100,0,0,0.04085,0.2669,0.2652,0.2571,0.2249,0.2571
F2,C,0,0,0.01117,0.5112,0.3949,0.4865,0.5119,0.5104
Gmean,S,0,0,0.06497,0.7134,0.6176,0.6949,0.6832,0.7106
B_Acc,V,0.5,0.5,0.5043,0.7145,0.6445,0.6955,0.7088,0.7127
,Dataset,Delta,BCE,AccAim,F1Aim,F.5Aim,F2Aim,GAim,BAim
Acc,D,0.9319,0.9317,0.9304,0.8452,0.904,0.8768,0.6522,0.8105
F1,S,0.04807,0.03147,0.07758,0.3035,0.2655,0.2745,0.2304,0.2647
F.5,101,0.1023,0.07028,0.1447,0.2485,0.2772,0.2499,0.1638,0.2069
F2,C,0.03144,0.02028,0.05314,0.3928,0.2593,0.3102,0.39,0.3682
Gmean,S,0.1383,0.1056,0.1922,0.6523,0.49,0.5554,0.6866,0.643
B_Acc,V,0.512,0.5077,0.5197,0.6821,0.605,0.6312,0.694,0.6669
,Dataset,Delta,BCE,AccAim,F1Aim,F.5Aim,F2Aim,GAim,BAim
Acc,D,0.9137,0.9159,0.9183,0.9104,0.9092,0.8851,0.879,0.8972
F1,S,0.8517,0.8551,0.8579,0.8552,0.8321,0.8299,0.8234,0.8443
F.5,102,0.8716,0.8767,0.8858,0.8443,0.8945,0.7812,0.7696,0.8043
F2,C,0.8328,0.8346,0.8319,0.8666,0.7782,0.8851,0.8854,0.8888
Gmean,S,0.8848,0.8865,0.8861,0.8998,0.8548,0.8962,0.8932,0.9037
B_Acc,V,0.8874,0.8892,0.8892,0.9002,0.863,0.8968,0.8941,0.904
,Dataset,Delta,BCE,AccAim,F1Aim,F.5Aim,F2Aim,GAim,BAim
Acc,D,0.932,0.9351,0.9342,0.9342,0.9266,0.9059,0.9089,0.918
F1,S,0.8841,0.8901,0.888,0.89,0.8667,0.8572,0.8621,0.8722
F.5,103,0.9005,0.9027,0.904,0.8966,0.9207,0.8172,0.8217,0.8436
F2,C,0.8684,0.8779,0.8726,0.8835,0.8187,0.9015,0.907,0.903
Gmean,S,0.9095,0.9154,0.9125,0.9178,0.8823,0.9135,0.9173,0.9199
B_Acc,V,0.9111,0.9166,0.914,0.9187,0.8878,0.9138,0.9177,0.9199
,Dataset,Delta,BCE,AccAim,F1Aim,F.5Aim,F2Aim,GAim,BAim
Acc,D,0.8209,0.8212,0.8204,0.7989,0.8176,0.7709,0.7671,0.7762
F1,S,0.695,0.6989,0.7031,0.7202,0.6928,0.6996,0.701,0.7084
F.5,104,0.7192,0.7178,0.7148,0.6663,0.7126,0.6303,0.625,0.636
F2,C,0.6728,0.6812,0.6922,0.7839,0.6745,0.7869,0.7983,0.7998
Gmean,S,0.767,0.7716,0.7769,0.8078,0.7666,0.7918,0.7935,0.8
B_Acc,V,0.7764,0.7796,0.7833,0.8084,0.7751,0.7951,0.7981,0.8035
,Dataset,Delta,BCE,AccAim,F1Aim,F.5Aim,F2Aim,GAim,BAim
Acc,D,0.9646,0.9815,0.9845,0.9824,0.9809,0.9778,0.9748,0.9777
F1,S,0.8876,0.9425,0.9522,0.9456,0.9388,0.9349,0.9272,0.9345
F.5,105,0.9026,0.9467,0.9535,0.9463,0.9602,0.9099,0.8946,0.9099
F2,C,0.8734,0.9387,0.9511,0.9451,0.9187,0.9615,0.9625,0.9606
Gmean,S,0.9221,0.9628,0.9705,0.9669,0.9495,0.9787,0.9799,0.9782
B_Acc,V,0.9241,0.9632,0.9708,0.9673,0.9506,0.9788,0.98,0.9782
